index,dteday,season,yr,mnth,holiday,weekday,workingday,weathersit,temp,atemp,hum,windspeed,casual,registered,cnt
0,2011-01-01,1,0,1,0,6,0,1.5833333333333333,0.3441666666666667,0.36362500000000003,0.8058333333333333,0.16044583333333332,331,654,985
1,2011-01-02,1,0,1,0,7,0,1.9583333333333333,0.3666666666666667,0.35730625,0.7027083333333333,0.24844375,132,671,803
2,2011-01-03,1,0,1,0,1,1,1.0,0.19499999999999998,0.18625,0.43875,0.2612,120,1231,1351
3,2011-01-04,1,0,1,0,2,1,1.0416666666666667,0.1975,0.21022708333333331,0.5920833333333334,0.15828125,108,1455,1563
4,2011-01-05,1,0,1,0,3,1,1.0,0.22583333333333333,0.22855625000000002,0.44416666666666665,0.18564375,82,1520,1602
5,2011-01-06,1,0,1,0,4,1,1.3333333333333333,0.2025,0.23233125,0.5233333333333333,0.0877,88,1519,1607
6,2011-01-07,1,0,1,0,5,1,1.7083333333333333,0.19666666666666666,0.20866041666666668,0.5066666666666667,0.16915833333333333,148,1363,1511
7,2011-01-08,1,0,1,0,6,0,1.7083333333333333,0.165,0.16225416666666667,0.5358333333333333,0.2668041666666667,68,891,959
8,2011-01-09,1,0,1,0,7,0,1.0,0.13833333333333334,0.11617499999999999,0.43416666666666665,0.36195,54,768,822
9,2011-01-10,1,0,1,0,1,1,1.3333333333333333,0.15083333333333335,0.1508875,0.48291666666666666,0.2232666666666667,41,1280,1321
10,2011-01-11,1,0,1,0,2,1,2.1666666666666665,0.16833333333333333,0.18939583333333332,0.6749999999999999,0.12563333333333335,43,1229,1272
11,2011-01-12,1,0,1,0,3,1,1.0833333333333333,0.17,0.15972499999999998,0.62125,0.29167916666666666,25,1142,1167
12,2011-01-13,1,0,1,0,4,1,1.0833333333333333,0.165,0.15088333333333334,0.47041666666666665,0.301,38,1368,1406
13,2011-01-14,1,0,1,0,5,1,1.0833333333333333,0.15833333333333333,0.18624583333333333,0.5379166666666667,0.12531875,54,1371,1425
14,2011-01-15,1,0,1,0,6,0,1.5,0.2333333333333333,0.24811249999999999,0.49875,0.1579625,222,1026,1248
15,2011-01-16,1,0,1,0,7,0,1.2083333333333333,0.2316666666666667,0.23421666666666666,0.48374999999999996,0.18843333333333334,251,953,1204
16,2011-01-17,1,0,1,1,1,0,2.1666666666666665,0.1758333333333333,0.17677083333333332,0.5375,0.19401666666666664,117,883,1000
17,2011-01-18,1,0,1,0,1,0,2.5,0.19833333333333333,0.19571666666666665,0.8608333333333333,0.2263875,9,710,719
18,2011-01-19,1,0,1,0,3,1,1.7083333333333333,0.2891666666666667,0.2954583333333333,0.7495833333333334,0.20523333333333335,78,1574,1652
19,2011-01-20,1,0,1,0,4,1,1.5416666666666667,0.26166666666666666,0.25505,0.5383333333333333,0.19590416666666666,83,1844,1927
20,2011-01-21,1,0,1,0,5,1,1.2916666666666667,0.1775,0.15783333333333333,0.45708333333333334,0.3532416666666667,75,1468,1543
21,2011-01-22,1,0,1,0,6,0,1.375,0.057499999999999996,0.07672291666666667,0.4025,0.1756875,93,890,983
22,2011-01-23,1,0,1,0,7,0,1.0833333333333333,0.09375,0.0975625,0.443125,0.2413,150,839,990
23,2011-01-24,1,0,1,0,1,1,1.2083333333333333,0.09500000000000001,0.11459583333333333,0.49,0.16106041666666668,86,1331,1417
24,2011-01-25,1,0,1,0,2,1,1.5833333333333333,0.22041666666666668,0.2313833333333333,0.6210416666666666,0.13122916666666667,186,1800,1986
25,2011-01-26,1,0,1,0,3,1,2.9583333333333335,0.2132608695652174,0.19996014492753622,0.8576268115942028,0.29910326086956524,37,630,667
26,2011-01-27,1,0,1,0,3,1,2.3333333333333335,0.20673913043478262,0.21355652173913042,0.6894565217391304,0.2077342391304348,15,794,820
27,2011-01-28,1,0,1,0,5,1,2.0416666666666665,0.20291666666666666,0.22316666666666665,0.7922916666666667,0.12251666666666666,38,1131,1169
28,2011-01-29,1,0,1,0,6,0,1.25,0.19499999999999998,0.21086249999999998,0.6522916666666666,0.14428333333333335,123,977,1100
29,2011-01-30,1,0,1,0,7,0,1.2916666666666667,0.21333333333333335,0.24872916666666667,0.7279166666666667,0.0709,140,959,1099
30,2011-01-31,1,0,1,0,1,1,1.7916666666666667,0.18083333333333332,0.18625,0.60375,0.18719166666666667,42,1459,1501
31,2011-02-01,1,0,2,0,2,1,2.2083333333333335,0.19041666666666668,0.2339125,0.82875,0.05099583333333333,47,1315,1362
32,2011-02-02,1,0,2,0,3,1,1.9166666666666667,0.26,0.2544166666666667,0.7754166666666666,0.2643083333333333,72,1454,1526
33,2011-02-03,1,0,2,0,4,1,1.0,0.18625,0.17678125,0.43895833333333334,0.27768333333333334,61,1490,1551
34,2011-02-04,1,0,2,0,5,1,1.875,0.20833333333333334,0.22569166666666665,0.5870833333333333,0.1274875,88,1624,1712
35,2011-02-05,1,0,2,0,6,0,2.375,0.2333333333333333,0.24305833333333335,0.9291666666666667,0.16107916666666666,100,905,1005
36,2011-02-06,1,0,2,0,7,0,1.0,0.28583333333333333,0.2916708333333333,0.5683333333333334,0.1418,354,1269,1623
37,2011-02-07,1,0,2,0,1,1,1.4583333333333333,0.27166666666666667,0.3036583333333333,0.7383333333333333,0.045408333333333335,120,1592,1712
38,2011-02-08,1,0,2,0,2,1,1.25,0.22083333333333333,0.19824583333333334,0.5379166666666667,0.36195,64,1466,1530
39,2011-02-09,1,0,2,0,3,1,1.625,0.13166666666666668,0.14206041666666666,0.49291666666666667,0.18594583333333334,53,1556,1609
40,2011-02-10,1,0,2,0,4,1,1.4583333333333333,0.14416666666666667,0.14931458333333333,0.44812500000000005,0.22014999999999998,47,1493,1540
41,2011-02-11,1,0,2,0,5,1,1.0,0.18083333333333332,0.20645,0.5129166666666667,0.10697083333333333,149,1603,1752
42,2011-02-12,1,0,2,0,6,0,1.0,0.2225,0.23295416666666666,0.5441666666666667,0.20336666666666667,288,1184,1472
43,2011-02-13,1,0,2,0,7,0,1.4583333333333333,0.3116666666666667,0.3194458333333334,0.4670833333333333,0.25623125,398,1194,1592
44,2011-02-14,1,0,2,0,1,1,1.0,0.41500000000000004,0.39835,0.3758333333333333,0.4179083333333333,208,1705,1913
45,2011-02-15,1,0,2,0,2,1,1.0416666666666667,0.2654166666666667,0.2522020833333333,0.3175,0.3044208333333333,140,1676,1817
46,2011-02-16,1,0,2,0,3,1,1.125,0.31333333333333335,0.31186458333333333,0.4247916666666667,0.24720833333333334,218,1902,2120
47,2011-02-17,1,0,2,0,4,1,1.2083333333333333,0.43583333333333335,0.4286583333333333,0.505,0.23010416666666667,259,2216,2475
48,2011-02-18,1,0,2,0,5,1,1.25,0.5216666666666666,0.5119833333333333,0.5166666666666667,0.264925,579,2348,2927
49,2011-02-19,1,0,2,0,6,0,1.0,0.39916666666666667,0.3914041666666667,0.18791666666666665,0.5074625,532,1103,1635
50,2011-02-20,1,0,2,0,7,0,1.3333333333333333,0.28208333333333335,0.27335,0.4097916666666666,0.23165625,639,1174,1813
51,2011-02-21,1,0,2,1,1,0,2.2083333333333335,0.30333333333333334,0.284075,0.605,0.3078458333333333,195,912,1107
52,2011-02-22,1,0,2,0,1,0,1.6666666666666667,0.17666666666666667,0.1755125,0.6270833333333333,0.23445000000000002,74,1400,1474
53,2011-02-23,1,0,2,0,3,1,1.0,0.2175,0.24147708333333331,0.42625,0.09578958333333333,139,1783,1922
54,2011-02-24,1,0,2,0,4,1,1.8333333333333333,0.2916666666666667,0.2859791666666667,0.6960416666666666,0.24565416666666665,100,1709,1810
55,2011-02-25,1,0,2,0,5,1,1.9583333333333333,0.36250000000000004,0.34974583333333337,0.72125,0.33645416666666667,121,1344,1465
56,2011-02-26,1,0,2,0,6,0,1.375,0.28250000000000003,0.2821916666666667,0.5379166666666667,0.18657083333333335,424,1545,1969
57,2011-02-27,1,0,2,0,7,0,1.0833333333333333,0.33916666666666667,0.3475270833333333,0.6879166666666667,0.12282708333333335,695,1709,2404
58,2011-02-28,1,0,2,0,1,1,2.5,0.4008333333333334,0.39392083333333333,0.8795833333333333,0.27985,81,1371,1453
59,2011-03-01,1,0,3,0,2,1,1.0,0.26666666666666666,0.26387916666666666,0.535,0.216425,137,1714,1851
60,2011-03-02,1,0,3,0,3,1,1.0,0.335,0.32007083333333336,0.4495833333333333,0.30783333333333335,231,1903,2134
61,2011-03-03,1,0,3,0,4,1,1.0416666666666667,0.19833333333333333,0.20013333333333336,0.3183333333333333,0.22575416666666667,123,1562,1685
62,2011-03-04,1,0,3,0,5,1,1.5,0.26166666666666666,0.2556791666666666,0.6104166666666667,0.20334583333333334,214,1730,1944
63,2011-03-05,1,0,3,0,6,0,2.0,0.3841666666666667,0.37877916666666667,0.7891666666666667,0.2518708333333333,640,1437,2077
64,2011-03-06,1,0,3,0,7,0,2.375,0.37833333333333335,0.3686666666666667,0.9466666666666667,0.3439083333333333,114,493,607
65,2011-03-07,1,0,3,0,1,1,1.25,0.2591666666666667,0.23546875,0.5658333333333333,0.34609791666666667,244,1629,1873
66,2011-03-08,1,0,3,0,2,1,1.25,0.2925,0.3024,0.42083333333333334,0.12065,316,1817,2133
67,2011-03-09,1,0,3,0,3,1,1.875,0.29583333333333334,0.2866083333333333,0.7754166666666666,0.22014999999999998,191,1700,1891
68,2011-03-10,1,0,3,0,4,1,2.9166666666666665,0.3858333333333333,0.38130833333333336,0.0,0.2587083333333333,46,579,626
69,2011-03-11,1,0,3,0,5,1,1.625,0.31625,0.3052333333333333,0.6587500000000001,0.22979375,247,1734,1981
70,2011-03-12,1,0,3,0,6,0,1.0,0.32916666666666666,0.32575,0.5945833333333334,0.22077500000000003,724,1408,2132
71,2011-03-13,1,0,3,0,7,0,1.0,0.3829166666666666,0.37845833333333334,0.535,0.264925,990,1455,2445
72,2011-03-14,1,0,3,0,1,1,1.125,0.32208333333333333,0.3288979166666666,0.504375,0.13681666666666667,359,1692,2051
73,2011-03-15,1,0,3,0,2,1,1.6666666666666667,0.3154166666666667,0.3166,0.656875,0.1803625,290,1768,2058
74,2011-03-16,1,0,3,0,3,1,2.0833333333333335,0.3620833333333333,0.36300416666666663,0.7858333333333333,0.2055375,322,1873,2195
75,2011-03-17,1,0,3,0,4,1,1.0833333333333333,0.41500000000000004,0.4103333333333334,0.6029166666666667,0.20957916666666665,424,2320,2744
76,2011-03-18,1,0,3,0,5,1,1.125,0.5329166666666667,0.5205166666666666,0.531875,0.22885416666666666,885,2361,3246
77,2011-03-19,1,0,3,0,6,0,1.1666666666666667,0.4725,0.466525,0.37916666666666665,0.3681666666666667,1424,1693,3117
78,2011-03-20,1,0,3,0,7,0,1.2083333333333333,0.3325,0.32575,0.47375000000000006,0.20772083333333335,1047,1424,2471
79,2011-03-21,2,0,3,0,1,1,1.875,0.42625,0.4052875,0.7383333333333333,0.2898104166666667,401,1677,2078
80,2011-03-22,2,0,3,0,2,1,1.4583333333333333,0.44166666666666665,0.44064166666666665,0.6245833333333334,0.22575,460,2243,2703
81,2011-03-23,2,0,3,0,3,1,2.4166666666666665,0.34625,0.3371166666666667,0.8385416666666666,0.23382708333333332,203,1924,2127
82,2011-03-24,2,0,3,0,4,1,1.875,0.285,0.2708333333333333,0.8058333333333333,0.24378750000000002,166,1699,1865
83,2011-03-25,2,0,3,0,5,1,1.3333333333333333,0.26416666666666666,0.2563125,0.49499999999999994,0.23072499999999999,300,1910,2210
84,2011-03-26,2,0,3,0,6,0,1.2916666666666667,0.2658333333333333,0.25757083333333336,0.3941666666666667,0.20957083333333335,981,1515,2496
85,2011-03-27,2,0,3,0,7,0,1.7083333333333333,0.24958333333333335,0.2478,0.5066666666666667,0.18283958333333336,472,1224,1697
86,2011-03-28,2,0,3,0,1,1,1.1666666666666667,0.26166666666666666,0.25536458333333334,0.3077083333333333,0.210825,222,1811,2033
87,2011-03-29,2,0,3,0,2,1,1.0833333333333333,0.3025,0.2929083333333333,0.31416666666666665,0.2269958333333333,317,2108,2425
88,2011-03-30,2,0,3,0,3,1,2.2083333333333335,0.3,0.29735,0.6466666666666666,0.1728875,168,1368,1536
89,2011-03-31,2,0,3,0,4,1,2.75,0.26833333333333337,0.257575,0.9183333333333333,0.21764583333333332,179,1506,1685
90,2011-04-01,2,0,4,0,5,1,1.6666666666666667,0.3,0.2834541666666667,0.6862499999999999,0.2587083333333334,307,1920,2227
91,2011-04-02,2,0,4,0,6,0,1.5,0.315,0.31563749999999996,0.6537499999999999,0.19714583333333335,898,1354,2252
92,2011-04-03,2,0,4,0,7,0,1.3333333333333333,0.37833333333333335,0.3787666666666667,0.48,0.1822125,1651,1598,3249
93,2011-04-04,2,0,4,0,1,1,1.4166666666666667,0.5733333333333334,0.5429291666666667,0.42625,0.38557083333333336,734,2381,3115
94,2011-04-05,2,0,4,0,2,1,1.875,0.4141666666666666,0.39835,0.6420833333333333,0.3880666666666666,167,1628,1795
95,2011-04-06,2,0,4,0,3,1,1.0,0.39083333333333337,0.38760833333333333,0.47083333333333327,0.26306250000000003,413,2395,2808
96,2011-04-07,2,0,4,0,4,1,1.3333333333333333,0.4375,0.43369583333333334,0.6029166666666667,0.1623125,571,2570,3141
97,2011-04-08,2,0,4,0,5,1,2.4583333333333335,0.3358333333333334,0.32447916666666665,0.83625,0.22699166666666667,172,1299,1471
98,2011-04-09,2,0,4,0,6,0,2.0833333333333335,0.3425,0.34152916666666666,0.8775,0.13308333333333333,879,1576,2455
99,2011-04-10,2,0,4,0,7,0,1.625,0.4266666666666667,0.4267375,0.8574999999999999,0.14676666666666668,1188,1707,2895
100,2011-04-11,2,0,4,0,1,1,1.5,0.59,0.5606041666666667,0.72625,0.32090416666666666,858,2494,3353
101,2011-04-12,2,0,4,0,2,1,2.2083333333333335,0.5025000000000001,0.4930541666666666,0.7391666666666666,0.2748791666666667,257,1777,2034
102,2011-04-13,2,0,4,0,3,1,2.0,0.41250000000000003,0.4172833333333334,0.8191666666666667,0.25061666666666665,209,1953,2162
103,2011-04-14,2,0,4,0,4,1,1.0,0.4675,0.46274166666666666,0.5404166666666667,0.1107,529,2738,3267
104,2011-04-15,2,0,4,1,5,0,1.25,0.4466666666666667,0.4419125,0.67125,0.226375,642,2484,3126
105,2011-04-16,2,0,4,0,6,0,2.5,0.43083333333333335,0.42549166666666666,0.8883333333333333,0.3408083333333333,121,674,795
106,2011-04-17,2,0,4,0,7,0,1.0416666666666667,0.4566666666666667,0.44569583333333335,0.4795833333333333,0.30349583333333335,1558,2186,3744
107,2011-04-18,2,0,4,0,1,1,1.2916666666666667,0.5125000000000001,0.5031458333333333,0.5425,0.16356666666666667,669,2760,3429
108,2011-04-19,2,0,4,0,2,1,1.6666666666666667,0.5058333333333334,0.48925833333333335,0.6658333333333334,0.15797083333333334,409,2795,3204
109,2011-04-20,2,0,4,0,3,1,1.125,0.595,0.5643916666666666,0.6141666666666666,0.24192500000000003,613,3331,3944
110,2011-04-21,2,0,4,0,4,1,1.2916666666666667,0.45916666666666667,0.45389166666666664,0.4070833333333333,0.32525833333333337,745,3444,4189
111,2011-04-22,2,0,4,0,5,1,2.2916666666666665,0.33666666666666667,0.32195416666666665,0.7295833333333334,0.2195208333333333,177,1506,1683
112,2011-04-23,2,0,4,0,6,0,1.875,0.46,0.4501208333333333,0.8879166666666666,0.23072499999999999,1462,2574,4036
113,2011-04-24,2,0,4,0,7,0,1.5,0.5816666666666667,0.5517625,0.8108333333333334,0.19217499999999998,1710,2481,4191
114,2011-04-25,2,0,4,0,1,1,1.2916666666666667,0.6066666666666667,0.5745,0.7766666666666667,0.18533333333333335,773,3300,4073
115,2011-04-26,2,0,4,0,2,1,1.0833333333333333,0.6316666666666667,0.5940833333333333,0.7291666666666666,0.3265,678,3722,4400
116,2011-04-27,2,0,4,0,3,1,1.5416666666666667,0.62,0.5751416666666667,0.8354166666666667,0.3122,547,3325,3872
117,2011-04-28,2,0,4,0,4,1,1.5833333333333333,0.6175,0.5789291666666666,0.7008333333333333,0.32090833333333335,569,3489,4058
118,2011-04-29,2,0,4,0,5,1,1.1666666666666667,0.51,0.4974625,0.45708333333333334,0.24006249999999998,878,3717,4595
119,2011-04-30,2,0,4,0,6,0,1.2083333333333333,0.4725,0.4640208333333333,0.5033333333333333,0.235075,1965,3347,5312
120,2011-05-01,2,0,5,0,7,0,1.6666666666666667,0.45166666666666666,0.4482041666666667,0.7620833333333333,0.10635416666666668,1138,2213,3351
121,2011-05-02,2,0,5,0,1,1,1.5416666666666667,0.5491666666666667,0.5328333333333334,0.73,0.18345416666666667,847,3554,4401
122,2011-05-03,2,0,5,0,2,1,1.6666666666666667,0.6166666666666667,0.5820791666666666,0.6970833333333334,0.3426666666666667,603,3848,4451
123,2011-05-04,2,0,5,0,3,1,1.9583333333333333,0.4141666666666666,0.40465,0.7370833333333334,0.3289958333333333,255,2378,2633
124,2011-05-05,2,0,5,0,4,1,1.0,0.45916666666666667,0.4419166666666667,0.44416666666666665,0.29539166666666666,614,3819,4433
125,2011-05-06,2,0,5,0,5,1,1.25,0.4791666666666667,0.4741166666666667,0.59,0.22824583333333334,894,3714,4608
126,2011-05-07,2,0,5,0,6,0,1.0833333333333333,0.52,0.5126208333333333,0.54125,0.16045,1612,3102,4714
127,2011-05-08,2,0,5,0,7,0,1.2916666666666667,0.5283333333333333,0.5189333333333334,0.6316666666666667,0.0746375,1401,2932,4333
128,2011-05-09,2,0,5,0,1,1,1.0,0.5325,0.5252458333333333,0.58875,0.17600000000000002,664,3698,4362
129,2011-05-10,2,0,5,0,2,1,1.4166666666666667,0.5325000000000001,0.5227208333333333,0.4891666666666667,0.11567083333333333,694,4109,4803
130,2011-05-11,2,0,5,0,3,1,1.125,0.5425,0.5284,0.6329166666666667,0.12064166666666666,550,3632,4182
131,2011-05-12,2,0,5,0,4,1,1.4166666666666667,0.535,0.5233625000000001,0.7475,0.18966666666666665,695,4169,4864
132,2011-05-13,2,0,5,0,5,1,2.2083333333333335,0.5125000000000001,0.4943,0.8633333333333333,0.17972500000000002,692,3413,4105
133,2011-05-14,2,0,5,0,6,0,2.375,0.5208333333333334,0.5006291666666667,0.9225,0.13495,902,2507,3409
134,2011-05-15,2,0,5,0,7,0,1.5,0.5625,0.5359999999999999,0.8670833333333333,0.15297916666666667,1582,2971,4553
135,2011-05-16,2,0,5,0,1,1,1.1666666666666667,0.5775,0.5505125,0.7879166666666667,0.12687083333333335,773,3185,3958
136,2011-05-17,2,0,5,0,2,1,2.0,0.5616666666666666,0.5385291666666666,0.8379166666666666,0.2773541666666666,678,3445,4123
137,2011-05-18,2,0,5,0,3,1,1.7916666666666667,0.55,0.5271583333333333,0.87,0.20149166666666665,536,3319,3855
138,2011-05-19,2,0,5,0,4,1,1.5833333333333333,0.5308333333333334,0.5107416666666666,0.8295833333333333,0.1082125,735,3840,4575
139,2011-05-20,2,0,5,0,5,1,1.25,0.5366666666666667,0.5290416666666666,0.7195833333333334,0.1250125,909,4008,4917
140,2011-05-21,2,0,5,0,6,0,1.125,0.6025,0.571975,0.6266666666666666,0.12065,2258,3547,5805
141,2011-05-22,2,0,5,0,7,0,1.25,0.6041666666666666,0.5745,0.7495833333333333,0.14800833333333333,1576,3084,4660
142,2011-05-23,2,0,5,0,1,1,1.6666666666666667,0.6316666666666667,0.5902958333333334,0.8099999999999999,0.23384166666666664,836,3438,4274
143,2011-05-24,2,0,5,0,2,1,1.7083333333333333,0.66,0.6048125,0.7408333333333333,0.20709166666666667,659,3833,4492
144,2011-05-25,2,0,5,0,3,1,1.2083333333333333,0.6608333333333333,0.6155416666666667,0.69625,0.15423333333333333,740,4238,4978
145,2011-05-26,2,0,5,0,4,1,1.25,0.7083333333333334,0.6546875,0.6775000000000001,0.1996416666666667,758,3919,4677
146,2011-05-27,2,0,5,0,5,1,1.2916666666666667,0.6816666666666666,0.6370083333333333,0.6537499999999999,0.24067916666666667,871,3808,4679
147,2011-05-28,2,0,5,0,6,0,1.0,0.6558333333333334,0.6123791666666666,0.7295833333333334,0.23009166666666667,2001,2757,4758
148,2011-05-29,2,0,5,0,7,0,1.2916666666666667,0.6675,0.6155499999999999,0.81875,0.2139375,2355,2433,4788
149,2011-05-30,2,0,5,1,1,0,1.2083333333333333,0.7333333333333334,0.6710916666666668,0.6849999999999999,0.131225,1549,2549,4098
150,2011-05-31,2,0,5,0,2,1,1.0833333333333333,0.775,0.7253833333333333,0.6366666666666666,0.11132916666666666,673,3309,3982
151,2011-06-01,2,0,6,0,3,1,1.5,0.7641666666666667,0.7209666666666666,0.6770833333333334,0.20709166666666667,513,3461,3974
152,2011-06-02,2,0,6,0,4,1,1.0,0.715,0.6439416666666666,0.305,0.2922875,736,4232,4968
153,2011-06-03,2,0,6,0,5,1,1.0416666666666667,0.62,0.5871333333333333,0.3541666666666667,0.25312083333333335,898,4414,5312
154,2011-06-04,2,0,6,0,6,0,1.3333333333333333,0.635,0.5946958333333333,0.45625,0.12314166666666666,1869,3473,5342
155,2011-06-05,2,0,6,0,7,0,1.5,0.6483333333333333,0.6168041666666667,0.6525,0.13869166666666669,1685,3221,4906
156,2011-06-06,2,0,6,0,1,1,1.0,0.6783333333333333,0.6218583333333333,0.6,0.12189583333333333,673,3875,4548
157,2011-06-07,2,0,6,0,2,1,1.375,0.7075,0.6559499999999999,0.5979166666666667,0.18780833333333333,763,4070,4833
158,2011-06-08,2,0,6,0,3,1,1.0,0.7758333333333334,0.7272791666666666,0.6220833333333333,0.13681666666666667,676,3725,4401
159,2011-06-09,2,0,6,0,4,1,1.5833333333333333,0.8083333333333332,0.7575791666666666,0.5683333333333334,0.14988333333333334,563,3352,3915
160,2011-06-10,2,0,6,0,5,1,1.1666666666666667,0.755,0.7032916666666668,0.605,0.14055416666666667,815,3771,4586
161,2011-06-11,2,0,6,0,6,0,1.125,0.725,0.6780375,0.6545833333333334,0.15485000000000002,1729,3237,4966
162,2011-06-12,2,0,6,0,7,0,1.1666666666666667,0.6925,0.643325,0.7479166666666667,0.16356666666666667,1467,2993,4460
163,2011-06-13,2,0,6,0,1,1,1.0,0.635,0.6016541666666667,0.4945833333333333,0.30535,863,4157,5020
164,2011-06-14,2,0,6,0,2,1,1.125,0.6041666666666666,0.5915458333333333,0.5070833333333333,0.2692833333333333,727,4164,4891
165,2011-06-15,2,0,6,0,3,1,1.0,0.6266666666666666,0.5877541666666667,0.4716666666666667,0.16791250000000002,769,4411,5180
166,2011-06-16,2,0,6,0,4,1,1.9166666666666667,0.6283333333333333,0.5953458333333334,0.6883333333333334,0.20647083333333335,545,3222,3767
167,2011-06-17,2,0,6,0,5,1,1.2916666666666667,0.6491666666666667,0.6003833333333334,0.7358333333333333,0.14302916666666668,863,3981,4844
168,2011-06-18,2,0,6,0,6,0,1.4166666666666667,0.6966666666666667,0.6439541666666666,0.6704166666666667,0.11940833333333334,1807,3312,5119
169,2011-06-19,2,0,6,0,7,0,1.75,0.6991666666666667,0.6458458333333333,0.6666666666666666,0.102,1639,3105,4744
170,2011-06-20,2,0,6,0,1,1,1.7083333333333333,0.635,0.5953458333333334,0.74625,0.155475,699,3311,4010
171,2011-06-21,3,0,6,0,2,1,1.7083333333333333,0.6808333333333333,0.6376458333333334,0.7704166666666666,0.17102499999999998,774,4061,4835
172,2011-06-22,3,0,6,0,3,1,1.4166666666666667,0.7333333333333334,0.6938291666666667,0.7075,0.17226249999999999,661,3846,4507
173,2011-06-23,3,0,6,0,4,1,1.625,0.7283333333333334,0.6938333333333332,0.7033333333333333,0.23880416666666668,746,4044,4790
174,2011-06-24,3,0,6,0,5,1,1.0416666666666667,0.7241666666666666,0.6565833333333333,0.5733333333333334,0.222025,969,4022,4991
175,2011-06-25,3,0,6,0,6,0,1.0833333333333333,0.695,0.6433125,0.48333333333333334,0.20957083333333335,1782,3420,5202
176,2011-06-26,3,0,6,0,7,0,1.2083333333333333,0.68,0.6376291666666666,0.5133333333333333,0.09453333333333334,1920,3385,5305
177,2011-06-27,3,0,6,0,1,1,1.75,0.6825,0.6370041666666667,0.6583333333333333,0.1075875,854,3854,4708
178,2011-06-28,3,0,6,0,2,1,1.3333333333333333,0.7441666666666666,0.6925583333333334,0.6341666666666667,0.14428333333333335,732,3916,4648
179,2011-06-29,3,0,6,0,3,1,1.0833333333333333,0.7283333333333334,0.6546875,0.4979166666666666,0.26182083333333334,848,4377,5225
180,2011-06-30,3,0,6,0,4,1,1.0,0.6966666666666667,0.6370083333333333,0.43416666666666665,0.1853125,1027,4488,5515
181,2011-07-01,3,0,7,0,5,1,1.0,0.7225,0.6521625,0.39625,0.10260833333333334,1246,4116,5362
182,2011-07-02,3,0,7,0,6,0,1.0,0.7383333333333333,0.6673083333333333,0.44458333333333333,0.1150625,2204,2915,5119
183,2011-07-03,3,0,7,0,7,0,1.75,0.7166666666666667,0.668575,0.6825,0.2288583333333333,2282,2367,4649
184,2011-07-04,3,0,7,1,1,0,1.5,0.7266666666666667,0.6654166666666667,0.6379166666666667,0.08147916666666667,3065,2978,6043
185,2011-07-05,3,0,7,0,2,1,1.0416666666666667,0.7466666666666667,0.6963374999999999,0.5904166666666667,0.12625833333333333,1031,3634,4665
186,2011-07-06,3,0,7,0,3,1,1.4166666666666667,0.7200000000000001,0.6856333333333332,0.7433333333333333,0.14988333333333334,784,3845,4629
187,2011-07-07,3,0,7,0,4,1,1.125,0.75,0.6868708333333333,0.65125,0.1592,754,3838,4592
188,2011-07-08,3,0,7,0,5,1,1.7083333333333333,0.7091666666666666,0.6704833333333333,0.7579166666666667,0.22512916666666669,692,3348,4040
189,2011-07-09,3,0,7,0,6,0,1.1666666666666667,0.7333333333333334,0.6641583333333333,0.6091666666666666,0.16791250000000002,1988,3348,5336
190,2011-07-10,3,0,7,0,7,0,1.0,0.7475,0.690025,0.5783333333333334,0.18347083333333333,1743,3138,4881
191,2011-07-11,3,0,7,0,1,1,1.0,0.7625000000000001,0.7298041666666667,0.6358333333333334,0.28233749999999996,723,3363,4086
192,2011-07-12,3,0,7,0,2,1,1.0416666666666667,0.7941666666666666,0.739275,0.5591666666666667,0.20025416666666665,662,3596,4258
193,2011-07-13,3,0,7,0,3,1,1.2916666666666667,0.7466666666666666,0.6894041666666667,0.6316666666666667,0.14613333333333334,748,3594,4342
194,2011-07-14,3,0,7,0,4,1,1.0,0.6808333333333333,0.6351041666666667,0.47625,0.24066666666666667,888,4196,5084
195,2011-07-15,3,0,7,0,5,1,1.0833333333333333,0.6633333333333333,0.6243708333333333,0.5912499999999999,0.18283333333333332,1318,4220,5538
196,2011-07-16,3,0,7,0,6,0,1.0,0.6866666666666666,0.6382625,0.5850000000000001,0.20834166666666668,2418,3505,5923
197,2011-07-17,3,0,7,0,7,0,1.0,0.7191666666666667,0.6698333333333334,0.6041666666666666,0.24503333333333333,2006,3296,5302
198,2011-07-18,3,0,7,0,1,1,1.0,0.7466666666666667,0.703925,0.65125,0.21580416666666669,841,3617,4458
199,2011-07-19,3,0,7,0,2,1,1.375,0.7766666666666667,0.7474791666666666,0.6504166666666666,0.13060000000000002,752,3789,4541
200,2011-07-20,3,0,7,0,3,1,1.0833333333333333,0.7683333333333334,0.7468499999999999,0.7070833333333333,0.11381666666666666,644,3688,4332
201,2011-07-21,3,0,7,0,4,1,1.5,0.815,0.8263708333333333,0.69125,0.22202083333333333,632,3152,3784
202,2011-07-22,3,0,7,0,5,1,1.25,0.8483333333333333,0.8408958333333333,0.5804166666666667,0.1331,562,2825,3387
203,2011-07-23,3,0,7,0,6,0,1.0416666666666667,0.8491666666666666,0.8042875,0.5,0.13122083333333331,987,2298,3285
204,2011-07-24,3,0,7,0,7,0,1.0833333333333333,0.8300000000000001,0.7948291666666667,0.5508333333333334,0.16917083333333335,1050,2556,3606
205,2011-07-25,3,0,7,0,1,1,1.4166666666666667,0.7433333333333333,0.7209583333333334,0.7570833333333332,0.09080833333333332,568,3272,3840
206,2011-07-26,3,0,7,0,2,1,1.0,0.7716666666666666,0.6969791666666666,0.5408333333333334,0.20025833333333332,750,3840,4590
207,2011-07-27,3,0,7,0,3,1,1.0416666666666667,0.775,0.6906666666666667,0.40291666666666665,0.1834625,755,3901,4656
208,2011-07-28,3,0,7,0,4,1,1.0416666666666667,0.7791666666666667,0.7399,0.5833333333333334,0.17847916666666666,606,3784,4390
209,2011-07-29,3,0,7,0,5,1,1.125,0.8383333333333334,0.7859666666666666,0.5425,0.17413750000000003,670,3176,3846
210,2011-07-30,3,0,7,0,6,0,1.0,0.8041666666666667,0.7285375,0.4658333333333333,0.1685375,1559,2916,4475
211,2011-07-31,3,0,7,0,7,0,1.0,0.8058333333333333,0.7297958333333333,0.4808333333333333,0.1648125,1524,2778,4302
212,2011-08-01,3,0,8,0,1,1,1.0,0.7716666666666666,0.7032916666666668,0.5508333333333333,0.15671666666666667,729,3537,4266
213,2011-08-02,3,0,8,0,2,1,1.25,0.7833333333333333,0.7070708333333333,0.49124999999999996,0.20585,801,4044,4845
214,2011-08-03,3,0,8,0,3,1,2.3333333333333335,0.7316666666666666,0.6799375,0.6575,0.13558333333333333,467,3107,3574
215,2011-08-04,3,0,8,0,4,1,1.5833333333333333,0.71,0.6647875,0.7575,0.19715000000000002,799,3777,4576
216,2011-08-05,3,0,8,0,5,1,1.0833333333333333,0.7108333333333333,0.6565666666666666,0.6308333333333334,0.1846958333333333,1023,3843,4866
217,2011-08-06,3,0,8,0,6,0,1.75,0.7166666666666667,0.6761541666666666,0.755,0.22824999999999998,1521,2773,4294
218,2011-08-07,3,0,8,0,7,0,1.4166666666666667,0.7425,0.7152916666666665,0.7529166666666667,0.2014875,1298,2487,3785
219,2011-08-08,3,0,8,0,1,1,1.0,0.765,0.7032833333333333,0.5920833333333334,0.19217499999999998,846,3480,4326
220,2011-08-09,3,0,8,0,2,1,1.0833333333333333,0.775,0.7241208333333334,0.5704166666666667,0.15112083333333334,907,3695,4602
221,2011-08-10,3,0,8,0,3,1,1.0,0.7666666666666666,0.6849833333333333,0.42416666666666664,0.20025833333333332,884,3896,4780
222,2011-08-11,3,0,8,0,4,1,1.0,0.7174999999999999,0.6515208333333333,0.42375,0.16479583333333334,812,3980,4792
223,2011-08-12,3,0,8,0,5,1,1.0,0.7083333333333334,0.6540416666666666,0.41500000000000004,0.12562083333333332,1051,3854,4905
224,2011-08-13,3,0,8,0,6,0,1.75,0.6858333333333334,0.6458583333333333,0.7295833333333333,0.2114541666666667,1504,2646,4150
225,2011-08-14,3,0,8,0,7,0,1.9166666666666667,0.6766666666666666,0.6243875,0.8175,0.22263333333333335,1338,2482,3820
226,2011-08-15,3,0,8,0,1,1,1.3333333333333333,0.6658333333333334,0.6161666666666666,0.7120833333333333,0.20895416666666666,775,3563,4338
227,2011-08-16,3,0,8,0,2,1,1.0,0.7008333333333333,0.6458375,0.5783333333333333,0.23632916666666667,721,4004,4725
228,2011-08-17,3,0,8,0,3,1,1.0,0.7233333333333333,0.6666708333333333,0.5754166666666667,0.14366666666666666,668,4026,4694
229,2011-08-18,3,0,8,0,4,1,1.375,0.7116666666666668,0.6622583333333333,0.6545833333333334,0.23320833333333335,639,3166,3805
230,2011-08-19,3,0,8,0,5,1,1.6666666666666667,0.685,0.6332208333333332,0.7229166666666668,0.13930833333333334,797,3356,4153
231,2011-08-20,3,0,8,0,6,0,1.125,0.6974999999999999,0.6489958333333333,0.6741666666666667,0.10446666666666667,1914,3277,5191
232,2011-08-21,3,0,8,0,7,0,1.125,0.7108333333333333,0.6755249999999999,0.77,0.2487541666666667,1249,2624,3873
233,2011-08-22,3,0,8,0,1,1,1.125,0.6916666666666668,0.6382541666666667,0.47,0.27675,833,3925,4758
234,2011-08-23,3,0,8,0,2,1,1.0833333333333333,0.6408333333333333,0.6060666666666666,0.45541666666666664,0.1467625,1281,4614,5895
235,2011-08-24,3,0,8,0,3,1,1.0,0.6733333333333333,0.6306916666666667,0.605,0.2531083333333333,949,4181,5130
236,2011-08-25,3,0,8,0,4,1,1.5,0.6841666666666667,0.6458541666666666,0.7716666666666666,0.21083333333333334,435,3107,3542
237,2011-08-26,3,0,8,0,5,1,1.25,0.7000000000000001,0.6597333333333333,0.76125,0.0839625,768,3893,4661
238,2011-08-27,3,0,8,0,6,0,2.4166666666666665,0.6687500000000001,0.6206166666666667,0.8562500000000001,0.4608125,232,952,1184
239,2011-08-28,3,0,8,0,1,0,1.75,0.6833333333333332,0.6269125,0.645,0.360075,1416,2947,4369
240,2011-08-29,3,0,8,0,1,1,1.125,0.6366666666666666,0.6079583333333333,0.5545833333333333,0.159825,729,3905,4634
241,2011-08-30,3,0,8,0,2,1,1.0,0.6391666666666667,0.5947041666666667,0.5483333333333333,0.12500833333333333,775,4429,5204
242,2011-08-31,3,0,8,0,3,1,1.0,0.6566666666666666,0.6111208333333333,0.5979166666666667,0.08333333333333333,688,4370,5058
243,2011-09-01,3,0,9,0,4,1,1.25,0.655,0.6149208333333332,0.6391666666666667,0.14179583333333332,783,4332,5115
244,2011-09-02,3,0,9,0,5,1,1.7916666666666667,0.6433333333333333,0.6048083333333333,0.7270833333333333,0.13992916666666666,875,3852,4727
245,2011-09-03,3,0,9,0,6,0,1.375,0.6691666666666666,0.6332125,0.7166666666666667,0.185325,1935,2549,4484
246,2011-09-04,3,0,9,0,7,0,1.125,0.7091666666666666,0.6654291666666666,0.7420833333333333,0.2064666666666667,2521,2419,4940
247,2011-09-05,3,0,9,1,1,0,2.0416666666666665,0.6733333333333333,0.6256458333333333,0.7904166666666667,0.21269583333333333,1236,2115,3351
248,2011-09-06,3,0,9,0,2,1,2.6666666666666665,0.54,0.5152,0.8891666666666667,0.34236041666666667,204,2510,2715
249,2011-09-07,3,0,9,0,3,1,2.75,0.5991666666666667,0.5442291666666667,0.9170833333333333,0.09702083333333333,118,1878,1996
250,2011-09-08,3,0,9,0,4,1,2.6666666666666665,0.6333333333333333,0.5549499999999999,0.9395833333333333,0.18689375,153,1692,1845
251,2011-09-09,3,0,9,0,5,1,1.7083333333333333,0.65,0.5789458333333334,0.8979166666666667,0.12437916666666667,417,3127,3544
252,2011-09-10,3,0,9,0,6,0,1.125,0.66,0.6079625,0.75375,0.15360833333333332,1750,3595,5345
253,2011-09-11,3,0,9,0,7,0,1.2083333333333333,0.6533333333333333,0.6092291666666666,0.71375,0.11505416666666667,1633,3413,5046
254,2011-09-12,3,0,9,0,1,1,1.0,0.6404166666666667,0.5988229166666666,0.7012499999999999,0.08738541666666666,691,4025,4716
255,2011-09-13,3,0,9,0,2,1,1.0,0.6508333333333333,0.6035541666666666,0.7125,0.14180416666666668,701,4062,4763
256,2011-09-14,3,0,9,0,3,1,1.2083333333333333,0.6733333333333333,0.6268999999999999,0.6970833333333334,0.1673,647,4138,4785
257,2011-09-15,3,0,9,0,4,1,1.5833333333333333,0.5775,0.5536708333333333,0.7091666666666666,0.27114583333333336,428,3231,3659
258,2011-09-16,3,0,9,0,5,1,1.5,0.4691666666666667,0.461475,0.5904166666666667,0.16418333333333332,742,4018,4760
259,2011-09-17,3,0,9,0,6,0,1.5,0.4916666666666667,0.47851250000000006,0.7183333333333333,0.189675,1434,3077,4511
260,2011-09-18,3,0,9,0,7,0,1.375,0.5075,0.4905375,0.695,0.17848333333333333,1353,2921,4274
261,2011-09-19,3,0,9,0,1,1,1.9583333333333333,0.5491666666666667,0.529675,0.69,0.15174166666666666,691,3848,4539
262,2011-09-20,3,0,9,0,2,1,1.8333333333333333,0.5616666666666666,0.5322166666666667,0.88125,0.13495416666666668,438,3203,3641
263,2011-09-21,3,0,9,0,3,1,2.0,0.5950000000000001,0.5505333333333333,0.9,0.09640416666666667,539,3813,4352
264,2011-09-22,3,0,9,0,4,1,1.9583333333333333,0.6283333333333333,0.5549624999999999,0.9020833333333332,0.12812500000000002,555,4240,4795
265,2011-09-23,4,0,9,0,5,1,2.25,0.6091666666666666,0.5221250000000001,0.9725,0.07836666666666667,258,2137,2395
266,2011-09-24,4,0,9,0,6,0,1.625,0.6066666666666667,0.5644125,0.8624999999999999,0.07838333333333333,1776,3647,5423
267,2011-09-25,4,0,9,0,7,0,1.7916666666666667,0.6341666666666667,0.5726375,0.8450000000000001,0.05037916666666667,1544,3466,5010
268,2011-09-26,4,0,9,0,1,1,1.5416666666666667,0.6491666666666667,0.5890416666666666,0.8483333333333333,0.1107,684,3946,4630
269,2011-09-27,4,0,9,0,2,1,1.875,0.6366666666666666,0.574525,0.8854166666666666,0.11817083333333334,477,3643,4120
270,2011-09-28,4,0,9,0,3,1,1.875,0.635,0.5751583333333333,0.84875,0.14862916666666667,480,3427,3907
271,2011-09-29,4,0,9,0,4,1,1.25,0.6166666666666667,0.5745125,0.6991666666666667,0.17288333333333336,653,4186,4839
272,2011-09-30,4,0,9,0,5,1,1.125,0.5641666666666667,0.5448291666666666,0.6475,0.206475,830,4372,5202
273,2011-10-01,4,0,10,0,6,0,2.125,0.41,0.41286249999999997,0.75375,0.29229583333333337,480,1949,2429
274,2011-10-02,4,0,10,0,7,0,2.1666666666666665,0.3566666666666667,0.34531666666666666,0.7916666666666666,0.22201249999999997,616,2302,2918
275,2011-10-03,4,0,10,0,1,1,1.9166666666666667,0.3841666666666667,0.39204583333333337,0.7608333333333334,0.08334583333333334,330,3240,3570
276,2011-10-04,4,0,10,0,2,1,1.125,0.4841666666666667,0.4728583333333333,0.71,0.20585416666666667,486,3970,4456
277,2011-10-05,4,0,10,0,3,1,1.0,0.5383333333333333,0.5271374999999999,0.6479166666666667,0.17725000000000002,559,4267,4826
278,2011-10-06,4,0,10,0,4,1,1.0,0.49416666666666664,0.48042500000000005,0.6208333333333333,0.13495416666666668,639,4126,4765
279,2011-10-07,4,0,10,0,5,1,1.0,0.5108333333333334,0.5044041666666667,0.6841666666666667,0.022391666666666667,949,4036,4985
280,2011-10-08,4,0,10,0,6,0,1.0,0.5216666666666666,0.5132416666666667,0.7012499999999999,0.04540416666666667,2235,3174,5409
281,2011-10-09,4,0,10,0,7,0,1.0416666666666667,0.5408333333333334,0.5239833333333334,0.7275,0.06344999999999999,2397,3114,5511
282,2011-10-10,4,0,10,1,1,0,1.2916666666666667,0.5708333333333333,0.542925,0.73375,0.04230416666666667,1514,3603,5117
283,2011-10-11,4,0,10,0,2,1,2.0,0.5666666666666667,0.5460958333333333,0.80875,0.14304166666666665,667,3896,4563
284,2011-10-12,4,0,10,0,3,1,2.625,0.5433333333333333,0.5177166666666667,0.90625,0.24815,217,2199,2416
285,2011-10-13,4,0,10,0,4,1,2.0416666666666665,0.5891666666666667,0.5518041666666667,0.8966666666666666,0.14178749999999998,290,2623,2913
286,2011-10-14,4,0,10,0,5,1,1.5416666666666667,0.5508333333333334,0.529675,0.71625,0.22388333333333335,529,3115,3644
287,2011-10-15,4,0,10,0,6,0,1.0,0.5066666666666667,0.49872500000000003,0.48333333333333334,0.25808333333333333,1899,3318,5217
288,2011-10-16,4,0,10,0,7,0,1.0,0.5116666666666667,0.5031541666666667,0.48666666666666664,0.28171666666666667,1748,3293,5041
289,2011-10-17,4,0,10,0,1,1,1.1666666666666667,0.5341666666666667,0.510725,0.5795833333333333,0.17537916666666667,713,3857,4570
290,2011-10-18,4,0,10,0,2,1,1.5,0.5325000000000001,0.5227208333333333,0.7016666666666667,0.1100875,637,4111,4748
291,2011-10-19,4,0,10,0,3,1,2.625,0.5404166666666667,0.5129541666666667,0.8935416666666667,0.24128333333333332,254,2174,2429
292,2011-10-20,4,0,10,0,4,1,1.25,0.47583333333333333,0.466525,0.63625,0.42227499999999996,471,3724,4195
293,2011-10-21,4,0,10,0,5,1,1.2083333333333333,0.4275,0.42359583333333334,0.5741666666666666,0.22139583333333335,676,3628,4304
294,2011-10-22,4,0,10,0,6,0,1.125,0.42250000000000004,0.42549166666666666,0.6291666666666667,0.09266666666666666,1499,2809,4308
295,2011-10-23,4,0,10,0,7,0,1.0,0.4216666666666667,0.4223333333333333,0.74125,0.0995125,1619,2762,4381
296,2011-10-24,4,0,10,0,1,1,1.4166666666666667,0.4633333333333334,0.4570666666666667,0.7720833333333333,0.11879166666666667,699,3488,4187
297,2011-10-25,4,0,10,0,2,1,1.0,0.4716666666666667,0.46337500000000004,0.6229166666666667,0.16665833333333332,695,3992,4687
298,2011-10-26,4,0,10,0,3,1,1.5833333333333333,0.48416666666666663,0.47284583333333335,0.7204166666666666,0.14864166666666667,404,3490,3894
299,2011-10-27,4,0,10,0,4,1,2.125,0.47,0.4570458333333334,0.8129166666666666,0.19776249999999998,240,2419,2659
300,2011-10-28,4,0,10,0,5,1,1.7083333333333333,0.33083333333333337,0.3188125,0.5858333333333333,0.22947916666666668,456,3291,3747
301,2011-10-29,4,0,10,0,6,0,2.5833333333333335,0.25416666666666665,0.2279125,0.8825,0.35137083333333335,57,570,627
302,2011-10-30,4,0,10,0,7,0,1.0,0.31916666666666665,0.32132916666666667,0.62375,0.17661666666666667,885,2446,3331
303,2011-10-31,4,0,10,0,1,1,1.3333333333333333,0.34,0.3560625,0.7033333333333333,0.10635,362,3307,3669
304,2011-11-01,4,0,11,0,2,1,1.125,0.4008333333333333,0.39708750000000004,0.68375,0.13557083333333333,410,3658,4068
305,2011-11-02,4,0,11,0,3,1,1.0,0.3775,0.3901333333333333,0.71875,0.08209166666666667,370,3816,4186
306,2011-11-03,4,0,11,0,4,1,1.2083333333333333,0.4083333333333334,0.40592083333333334,0.7020833333333334,0.13681666666666667,318,3656,3974
307,2011-11-04,4,0,11,0,5,1,1.5416666666666667,0.4033333333333333,0.40339166666666665,0.6224999999999999,0.2717791666666667,470,3576,4046
308,2011-11-05,4,0,11,0,6,0,1.0,0.32666666666666666,0.32385416666666667,0.5191666666666667,0.1890625,1156,2770,3926
309,2011-11-06,4,0,11,0,7,0,1.0833333333333333,0.34833333333333333,0.36235833333333334,0.7345833333333333,0.09205416666666666,952,2697,3649
310,2011-11-07,4,0,11,0,1,1,1.1666666666666667,0.395,0.40087083333333334,0.75875,0.057225,373,3662,4035
311,2011-11-08,4,0,11,0,2,1,1.0,0.4083333333333334,0.41224583333333337,0.7216666666666667,0.0690375,376,3829,4205
312,2011-11-09,4,0,11,0,3,1,1.0,0.39999999999999997,0.40907916666666666,0.7583333333333333,0.06219583333333333,305,3804,4109
313,2011-11-10,4,0,11,0,4,1,2.0,0.37999999999999995,0.37372083333333334,0.8133333333333334,0.1890666666666667,190,2743,2933
314,2011-11-11,4,0,11,1,5,0,1.0,0.32416666666666666,0.3068166666666667,0.44625000000000004,0.314675,440,2928,3368
315,2011-11-12,4,0,11,0,6,0,1.0,0.3566666666666667,0.35794166666666666,0.5529166666666666,0.21206250000000001,1275,2792,4067
316,2011-11-13,4,0,11,0,7,0,1.375,0.44083333333333335,0.43055,0.4583333333333333,0.28172083333333336,1004,2713,3717
317,2011-11-14,4,0,11,0,1,1,1.25,0.53,0.5246125,0.5870833333333333,0.30659583333333335,595,3891,4486
318,2011-11-15,4,0,11,0,2,1,1.8333333333333333,0.53,0.5075791666666667,0.6887500000000001,0.19963333333333333,449,3746,4195
319,2011-11-16,4,0,11,0,3,1,2.7083333333333335,0.4566666666666667,0.4519875,0.93,0.13682916666666667,145,1672,1817
320,2011-11-17,4,0,11,0,4,1,1.875,0.3416666666666666,0.32322083333333335,0.5758333333333333,0.3053625,139,2914,3053
321,2011-11-18,4,0,11,0,5,1,1.0,0.27416666666666667,0.27272083333333336,0.41,0.16853333333333334,245,3147,3392
322,2011-11-19,4,0,11,0,6,0,1.1666666666666667,0.32916666666666666,0.32448333333333335,0.5020833333333333,0.22449583333333334,943,2720,3663
323,2011-11-20,4,0,11,0,7,0,1.8333333333333333,0.4633333333333334,0.45705833333333334,0.6845833333333333,0.18594999999999998,787,2733,3520
324,2011-11-21,4,0,11,0,1,1,2.5416666666666665,0.4475,0.44506249999999997,0.91,0.13805416666666667,220,2545,2765
325,2011-11-22,4,0,11,0,2,1,2.7916666666666665,0.4166666666666667,0.4216958333333333,0.9624999999999999,0.11879166666666667,69,1538,1607
326,2011-11-23,4,0,11,0,3,1,1.875,0.44083333333333335,0.4305375,0.7579166666666666,0.335825,112,2454,2566
327,2011-11-24,4,0,11,1,4,0,1.0,0.37333333333333335,0.3724708333333333,0.5491666666666667,0.16730416666666667,560,935,1495
328,2011-11-25,4,0,11,0,5,1,1.0,0.375,0.38067083333333335,0.64375,0.09889583333333334,1095,1697,2792
329,2011-11-26,4,0,11,0,6,0,1.4166666666666667,0.3758333333333333,0.3850875,0.6816666666666666,0.06842083333333333,1249,1819,3068
330,2011-11-27,4,0,11,0,7,0,1.0,0.45916666666666667,0.4558,0.6983333333333334,0.20895416666666666,810,2261,3071
331,2011-11-28,4,0,11,0,1,1,1.375,0.5012500000000001,0.48832291666666666,0.7464583333333333,0.14708333333333332,254,3622,3876
332,2011-11-29,4,0,11,0,2,1,2.0,0.4583333333333333,0.451375,0.8308333333333334,0.25809166666666666,96,2818,2914
333,2011-11-30,4,0,11,0,3,1,1.25,0.325,0.31122083333333334,0.6133333333333334,0.27115833333333333,188,3425,3613
334,2011-12-01,4,0,12,0,4,1,1.0,0.3125,0.3055541666666666,0.5245833333333333,0.22015833333333334,182,3545,3727
335,2011-12-02,4,0,12,0,5,1,1.0,0.31416666666666665,0.3314333333333333,0.6258333333333334,0.10075416666666666,268,3672,3940
336,2011-12-03,4,0,12,0,6,0,1.0833333333333333,0.29916666666666664,0.3106041666666666,0.6129166666666667,0.09578333333333333,706,2908,3614
337,2011-12-04,4,0,12,0,7,0,1.0,0.33083333333333337,0.34909999999999997,0.7758333333333334,0.08395833333333334,634,2851,3485
338,2011-12-05,4,0,12,0,1,1,1.5,0.3858333333333333,0.393925,0.8270833333333334,0.06220833333333333,233,3578,3811
339,2011-12-06,4,0,12,0,2,1,2.5416666666666665,0.46249999999999997,0.4564,0.9495833333333333,0.23258333333333334,126,2468,2594
340,2011-12-07,4,0,12,0,3,1,2.7916666666666665,0.41,0.40024583333333336,0.9704166666666666,0.266175,50,655,705
341,2011-12-08,4,0,12,0,4,1,1.0833333333333333,0.2658333333333333,0.2569375,0.58,0.24005833333333335,150,3172,3322
342,2011-12-09,4,0,12,0,5,1,1.0416666666666667,0.29083333333333333,0.31754166666666667,0.6958333333333333,0.08271666666666667,261,3359,3620
343,2011-12-10,4,0,12,0,6,0,1.2083333333333333,0.275,0.2664125,0.5075,0.23322083333333332,502,2688,3190
344,2011-12-11,4,0,12,0,7,0,1.0,0.22083333333333333,0.2531541666666666,0.49,0.06654166666666667,377,2366,2743
345,2011-12-12,4,0,12,0,1,1,1.375,0.2383333333333333,0.27019583333333336,0.6708333333333334,0.06344999999999999,143,3167,3310
346,2011-12-13,4,0,12,0,2,1,1.0,0.28250000000000003,0.3011375,0.59,0.14055,155,3368,3523
347,2011-12-14,4,0,12,0,3,1,1.6666666666666667,0.3175,0.33836249999999995,0.66375,0.06095833333333334,178,3562,3740
348,2011-12-15,4,0,12,0,4,1,1.7916666666666667,0.42250000000000004,0.4122375,0.6341666666666667,0.2680416666666667,181,3528,3709
349,2011-12-16,4,0,12,0,5,1,1.6666666666666667,0.375,0.359825,0.5004166666666666,0.260575,178,3399,3577
350,2011-12-17,4,0,12,0,6,0,1.5416666666666667,0.25833333333333336,0.24937083333333332,0.5608333333333334,0.24316666666666667,275,2464,2739
351,2011-12-18,4,0,12,0,7,0,1.0416666666666667,0.2383333333333333,0.24557916666666668,0.58625,0.16977916666666668,220,2211,2431
352,2011-12-19,4,0,12,0,1,1,1.125,0.27666666666666667,0.2809333333333333,0.6375000000000001,0.17289583333333333,260,3143,3403
353,2011-12-20,4,0,12,0,2,1,1.6666666666666667,0.3858333333333333,0.3964541666666667,0.5954166666666667,0.06157083333333333,216,3534,3750
354,2011-12-21,1,0,12,0,3,1,2.0833333333333335,0.4283333333333333,0.4280166666666667,0.8583333333333334,0.2214,107,2553,2660
355,2011-12-22,1,0,12,0,4,1,1.875,0.42333333333333334,0.42612083333333334,0.7575,0.047275000000000005,227,2841,3068
356,2011-12-23,1,0,12,0,5,1,1.4166666666666667,0.37333333333333335,0.3775125,0.6862499999999999,0.27424583333333336,163,2046,2209
357,2011-12-24,1,0,12,0,6,0,1.2916666666666667,0.3025,0.2992416666666667,0.5425,0.1903041666666667,155,856,1011
358,2011-12-25,1,0,12,0,7,0,1.0,0.27208333333333334,0.2787125,0.6835416666666667,0.15080625,303,453,756
359,2011-12-26,1,0,12,1,1,0,1.0,0.3225,0.31532916666666666,0.505,0.24037083333333334,431,890,1321
360,2011-12-27,1,0,12,0,2,1,1.9583333333333333,0.325,0.32763333333333333,0.7625000000000001,0.18845,103,1059,1162
361,2011-12-28,1,0,12,0,3,1,1.0,0.3,0.28061875,0.5075,0.29446041666666667,255,2053,2308
362,2011-12-29,1,0,12,0,4,1,1.4166666666666667,0.24833333333333332,0.2638916666666667,0.5741666666666667,0.11941249999999999,254,2169,2423
363,2011-12-30,1,0,12,0,5,1,1.3333333333333333,0.3116666666666667,0.3188125,0.6366666666666666,0.1343375,491,2508,2999
364,2011-12-31,1,0,12,0,6,0,1.3333333333333333,0.41,0.4141208333333333,0.6158333333333333,0.22015416666666665,665,1820,2485
365,2012-01-01,1,1,1,0,7,0,1.3333333333333333,0.37000000000000005,0.37562083333333335,0.6925,0.19216666666666668,686,1608,2294
366,2012-01-02,1,1,1,1,1,0,1.0833333333333333,0.27499999999999997,0.2537875,0.38187499999999996,0.3321,244,1712,1956
367,2012-01-03,1,1,1,0,2,1,1.0,0.15,0.126275,0.44125,0.36567083333333333,89,2147,2236
368,2012-01-04,1,1,1,0,3,1,1.5416666666666667,0.1075,0.1193375,0.4145833333333333,0.1847,95,2273,2368
369,2012-01-05,1,1,1,0,4,1,1.375,0.2658333333333333,0.2784125,0.5241666666666667,0.1299875,140,3132,3272
370,2012-01-06,1,1,1,0,5,1,1.125,0.33416666666666667,0.34026666666666666,0.5420833333333334,0.16790833333333333,307,3791,4098
371,2012-01-07,1,1,1,0,6,0,1.0833333333333333,0.3933333333333333,0.3907791666666667,0.5316666666666666,0.17475833333333335,1070,3451,4521
372,2012-01-08,1,1,1,0,7,0,1.125,0.33749999999999997,0.34025833333333333,0.465,0.19154166666666664,599,2826,3425
373,2012-01-09,1,1,1,0,1,1,2.0416666666666665,0.22416666666666665,0.24747916666666667,0.7016666666666667,0.0989,106,2270,2376
374,2012-01-10,1,1,1,0,2,1,1.4166666666666667,0.3045833333333333,0.31469583333333334,0.655625,0.18657916666666666,174,3428,3602
375,2012-01-11,1,1,1,0,3,1,2.0416666666666665,0.27416666666666667,0.28282083333333335,0.8475,0.13122083333333334,92,2085,2177
376,2012-01-12,1,1,1,0,4,1,1.7916666666666667,0.3825,0.3819375,0.8029166666666666,0.1809666666666667,269,3828,4097
377,2012-01-13,1,1,1,0,5,1,1.25,0.27416666666666667,0.24936250000000001,0.5075,0.3781083333333333,174,3040,3214
378,2012-01-14,1,1,1,0,6,0,1.0,0.18000000000000002,0.1830875,0.4575,0.18718333333333334,333,2160,2493
379,2012-01-15,1,1,1,0,7,0,1.25,0.16666666666666666,0.161625,0.4191666666666667,0.2512583333333333,284,2027,2311
380,2012-01-16,1,1,1,1,1,0,1.2083333333333333,0.19000000000000003,0.19066249999999998,0.5225,0.23135833333333333,217,2081,2298
381,2012-01-17,1,1,1,0,2,1,1.9583333333333333,0.37000000000000005,0.36109375,0.7156250000000001,0.34671041666666663,127,2815,2942
382,2012-01-18,1,1,1,0,3,1,1.1666666666666667,0.30333333333333334,0.27525416666666663,0.44333333333333336,0.4154291666666667,109,3267,3376
383,2012-01-19,1,1,1,0,4,1,1.1666666666666667,0.19000000000000003,0.1900375,0.4975,0.22015833333333334,130,3162,3292
384,2012-01-20,1,1,1,0,5,1,1.625,0.2175,0.22095833333333334,0.45,0.20274999999999999,115,3048,3163
385,2012-01-21,1,1,1,0,6,0,2.4583333333333335,0.17333333333333334,0.174875,0.8312499999999999,0.22264166666666665,67,1234,1301
386,2012-01-22,1,1,1,0,7,0,2.25,0.1625,0.16224999999999998,0.79625,0.1996375,196,1781,1977
387,2012-01-23,1,1,1,0,1,1,2.1666666666666665,0.21833333333333335,0.24305833333333335,0.91125,0.11070833333333334,145,2287,2432
388,2012-01-24,1,1,1,0,2,1,1.4583333333333333,0.3425,0.34910833333333335,0.8358333333333333,0.12376666666666668,439,3900,4339
389,2012-01-25,1,1,1,0,3,1,1.1666666666666667,0.2941666666666667,0.2948208333333333,0.6437499999999999,0.16107083333333333,467,3803,4270
390,2012-01-26,1,1,1,0,4,1,1.9166666666666667,0.34166666666666673,0.35605,0.7695833333333333,0.07339583333333334,244,3831,4075
391,2012-01-27,1,1,1,0,5,1,1.625,0.425,0.4153833333333334,0.74125,0.3426666666666667,269,3187,3456
392,2012-01-28,1,1,1,0,6,0,1.0416666666666667,0.31583333333333335,0.32637916666666666,0.5433333333333333,0.21082916666666665,775,3248,4023
393,2012-01-29,1,1,1,0,7,0,1.0,0.28250000000000003,0.27272083333333336,0.31125,0.24004999999999999,558,2685,3243
394,2012-01-30,1,1,1,0,1,1,1.0416666666666667,0.26916666666666667,0.262625,0.4008333333333333,0.2157916666666667,126,3498,3624
395,2012-01-31,1,1,1,0,2,1,1.0416666666666667,0.38999999999999996,0.3813166666666667,0.4166666666666667,0.26181666666666664,324,4185,4509
396,2012-02-01,1,1,2,0,3,1,1.2916666666666667,0.4691666666666667,0.4665375,0.5079166666666667,0.1890666666666667,304,4275,4579
397,2012-02-02,1,1,2,0,4,1,1.8333333333333333,0.39916666666666667,0.39897083333333333,0.6729166666666666,0.18718749999999998,190,3571,3761
398,2012-02-03,1,1,2,0,5,1,1.0,0.31333333333333335,0.3093458333333333,0.5266666666666667,0.17849583333333333,310,3841,4151
399,2012-02-04,1,1,2,0,6,0,1.75,0.26416666666666666,0.272725,0.7795833333333334,0.12189583333333333,384,2448,2832
400,2012-02-05,1,1,2,0,7,0,1.7083333333333333,0.2658333333333333,0.2645208333333333,0.6879166666666667,0.17599583333333335,318,2629,2947
401,2012-02-06,1,1,2,0,1,1,1.0,0.2791666666666667,0.294175,0.6285416666666667,0.14956875,206,3580,3786
402,2012-02-07,1,1,2,0,2,1,1.0833333333333333,0.3541666666666667,0.3611041666666666,0.49625,0.14737916666666667,199,4176,4375
403,2012-02-08,1,1,2,0,3,1,2.0416666666666665,0.25666666666666665,0.26642083333333333,0.7229166666666668,0.13372083333333332,109,2693,2802
404,2012-02-09,1,1,2,0,4,1,1.2083333333333333,0.265,0.2619875,0.5620833333333334,0.1940375,163,3667,3830
405,2012-02-10,1,1,2,0,5,1,1.7083333333333333,0.2808333333333333,0.2935583333333333,0.54,0.11692916666666668,227,3604,3831
406,2012-02-11,1,1,2,0,6,0,2.5,0.22416666666666665,0.21086666666666667,0.7312500000000001,0.2897958333333333,192,1977,2169
407,2012-02-12,1,1,2,0,7,0,1.2916666666666667,0.1275,0.10165833333333334,0.46458333333333335,0.4092125,73,1456,1529
408,2012-02-13,1,1,2,0,1,1,1.0,0.2225,0.2279125,0.41125000000000006,0.16728333333333334,94,3328,3422
409,2012-02-14,1,1,2,0,2,1,1.875,0.31916666666666665,0.33394583333333333,0.50875,0.14117916666666666,135,3787,3922
410,2012-02-15,1,1,2,0,3,1,1.0416666666666667,0.34833333333333333,0.35162916666666666,0.53125,0.1816,141,4028,4169
411,2012-02-16,1,1,2,0,4,1,2.375,0.31666666666666665,0.33016249999999997,0.7529166666666667,0.09142499999999999,74,2931,3005
412,2012-02-17,1,1,2,0,5,1,1.4166666666666667,0.3433333333333333,0.35162916666666666,0.6345833333333334,0.2058458333333333,349,3805,4154
413,2012-02-18,1,1,2,0,6,0,1.0416666666666667,0.3466666666666667,0.35542500000000005,0.5345833333333333,0.19092916666666668,1435,2883,4318
414,2012-02-19,1,1,2,0,7,0,2.0,0.27999999999999997,0.2657875,0.5158333333333334,0.2531125,618,2071,2689
415,2012-02-20,1,1,2,1,1,0,1.2916666666666667,0.2783333333333333,0.27115416666666664,0.5160416666666666,0.23104166666666667,502,2634,3136
416,2012-02-21,1,1,2,0,2,1,1.1666666666666667,0.2854166666666667,0.29449583333333335,0.5954166666666666,0.19714583333333333,163,3616,3779
417,2012-02-22,1,1,2,0,3,1,1.2916666666666667,0.3958333333333333,0.39266666666666666,0.5679166666666666,0.23447083333333332,394,4379,4773
418,2012-02-23,1,1,2,0,4,1,1.2083333333333333,0.45416666666666666,0.4444458333333334,0.5545833333333333,0.1909125,516,4546,5062
419,2012-02-24,1,1,2,0,5,1,1.9583333333333333,0.4075,0.41097083333333334,0.7374999999999999,0.23756666666666668,246,3241,3487
420,2012-02-25,1,1,2,0,6,0,1.1666666666666667,0.29083333333333333,0.255675,0.3958333333333333,0.4216416666666667,317,2415,2732
421,2012-02-26,1,1,2,0,7,0,1.0,0.2791666666666667,0.2683083333333333,0.41,0.20522916666666668,515,2874,3389
422,2012-02-27,1,1,2,0,1,1,1.0,0.3666666666666667,0.35795416666666663,0.4908333333333333,0.26803333333333335,253,4069,4322
423,2012-02-28,1,1,2,0,2,1,1.0,0.3591666666666667,0.35352500000000003,0.3958333333333333,0.19341666666666668,229,4134,4363
424,2012-02-29,1,1,2,0,3,1,2.1666666666666665,0.34125,0.3462604166666667,0.8014583333333333,0.1753875,65,1784,1849
425,2012-03-01,1,1,3,0,4,1,1.25,0.48583333333333334,0.4753708333333333,0.6154166666666666,0.2269875,325,4665,4990
426,2012-03-02,1,1,3,0,5,1,1.625,0.35333333333333333,0.35984166666666667,0.6570833333333334,0.14490416666666667,246,2948,3194
427,2012-03-03,1,1,3,0,6,0,1.7916666666666667,0.4141666666666666,0.41349166666666665,0.62125,0.16107916666666666,956,3110,4066
428,2012-03-04,1,1,3,0,7,0,1.3333333333333333,0.32583333333333336,0.30302083333333335,0.4033333333333333,0.3345708333333333,710,2713,3423
429,2012-03-05,1,1,3,0,1,1,1.4583333333333333,0.24333333333333332,0.24117083333333333,0.50625,0.2288583333333333,203,3130,3333
430,2012-03-06,1,1,3,0,2,1,1.0,0.25833333333333336,0.25504166666666667,0.4566666666666667,0.200875,221,3735,3956
431,2012-03-07,1,1,3,0,3,1,1.0,0.40416666666666673,0.3851,0.5133333333333333,0.3457791666666667,432,4484,4916
432,2012-03-08,1,1,3,0,4,1,1.375,0.5275,0.5246041666666666,0.5675,0.4415625,486,4896,5382
433,2012-03-09,1,1,3,0,5,1,1.6666666666666667,0.41083333333333333,0.3970833333333333,0.4070833333333333,0.4148,447,4122,4569
434,2012-03-10,1,1,3,0,6,0,1.0,0.28750000000000003,0.27776666666666666,0.35041666666666665,0.22575,968,3150,4118
435,2012-03-11,1,1,3,0,7,0,1.0,0.3566666666666667,0.3547833333333334,0.48041666666666666,0.21953124999999998,1667,3307,4974
436,2012-03-12,1,1,3,0,1,1,1.3333333333333333,0.46666666666666673,0.4595916666666666,0.4891666666666667,0.2077125,838,4460,5298
437,2012-03-13,1,1,3,0,2,1,1.4583333333333333,0.5650000000000001,0.5429291666666667,0.6175,0.23695,762,5085,5847
438,2012-03-14,1,1,3,0,3,1,1.0833333333333333,0.5725,0.5486166666666666,0.5070833333333333,0.1150625,997,5315,6312
439,2012-03-15,1,1,3,0,4,1,1.2083333333333333,0.5575,0.532825,0.5795833333333333,0.14988333333333334,1005,5187,6192
440,2012-03-16,1,1,3,0,5,1,2.0833333333333335,0.43583333333333335,0.43622916666666667,0.8420833333333334,0.11319166666666668,548,3830,4378
441,2012-03-17,1,1,3,0,6,0,1.5,0.5141666666666667,0.5050458333333333,0.7558333333333334,0.11070416666666667,3155,4681,7836
442,2012-03-18,1,1,3,0,7,0,1.5833333333333333,0.4725,0.464,0.81,0.12688333333333332,2207,3685,5892
443,2012-03-19,1,1,3,0,1,1,1.125,0.545,0.5328208333333333,0.7287499999999999,0.16231666666666666,982,5171,6153
444,2012-03-20,1,1,3,0,2,1,1.4583333333333333,0.5608333333333334,0.5385333333333333,0.8079166666666667,0.12127083333333333,1051,5042,6093
445,2012-03-21,2,1,3,0,3,1,1.625,0.5316666666666666,0.5132583333333333,0.82125,0.08955833333333334,1122,5108,6230
446,2012-03-22,2,1,3,0,4,1,1.375,0.5541666666666667,0.5315666666666666,0.8312499999999999,0.1175625,1334,5537,6871
447,2012-03-23,2,1,3,0,5,1,1.5833333333333333,0.6016666666666667,0.5700666666666666,0.6941666666666667,0.1163,2469,5893,8362
448,2012-03-24,2,1,3,0,6,0,2.25,0.5025000000000001,0.4867333333333333,0.8854166666666666,0.19278333333333333,1033,2339,3372
449,2012-03-25,2,1,3,0,7,0,1.75,0.4375,0.43748750000000003,0.8808333333333334,0.22077500000000003,1532,3464,4996
450,2012-03-26,2,1,3,0,1,1,1.0416666666666667,0.4458333333333333,0.43875,0.4779166666666666,0.38682083333333334,795,4763,5558
451,2012-03-27,2,1,3,0,2,1,1.0,0.3233333333333333,0.3156541666666667,0.29,0.18719166666666667,531,4571,5102
452,2012-03-28,2,1,3,0,3,1,1.1666666666666667,0.4841666666666667,0.47095,0.48125,0.2916708333333333,674,5024,5698
453,2012-03-29,2,1,3,0,4,1,1.0,0.49416666666666664,0.4823041666666667,0.43916666666666665,0.31965,834,5299,6133
454,2012-03-30,2,1,3,0,5,1,1.5,0.37000000000000005,0.37562083333333335,0.5808333333333333,0.13806666666666667,796,4663,5459
455,2012-03-31,2,1,3,0,6,0,1.625,0.42416666666666664,0.42170833333333335,0.7383333333333333,0.25061666666666665,2301,3934,6235
456,2012-04-01,2,1,4,0,7,0,1.875,0.42583333333333334,0.41728750000000003,0.67625,0.17226666666666668,2347,3694,6041
457,2012-04-02,2,1,4,0,1,1,1.3333333333333333,0.43333333333333335,0.4273770833333333,0.5187499999999999,0.3121916666666667,1210,4730,5940
458,2012-04-03,2,1,4,0,2,1,1.0,0.4666666666666666,0.4614833333333333,0.39666666666666667,0.10013333333333334,1348,5424,6772
459,2012-04-04,2,1,4,0,3,1,1.4583333333333333,0.5416666666666666,0.53345,0.4695833333333333,0.180975,1058,5378,6436
460,2012-04-05,2,1,4,0,4,1,1.0416666666666667,0.435,0.43116250000000006,0.3741666666666667,0.21952916666666666,1192,5265,6457
461,2012-04-06,2,1,4,0,5,1,1.0,0.4033333333333333,0.39076666666666665,0.3770833333333334,0.3003875,1807,4653,6460
462,2012-04-07,2,1,4,0,6,0,1.0,0.4375,0.42612916666666667,0.2541666666666667,0.27487083333333334,3252,3605,6857
463,2012-04-08,2,1,4,0,7,0,1.0,0.5,0.49242499999999995,0.2758333333333333,0.23259583333333333,2230,2939,5169
464,2012-04-09,2,1,4,0,1,1,1.125,0.4891666666666667,0.4766375,0.3175,0.3581958333333333,905,4680,5585
465,2012-04-10,2,1,4,0,2,1,1.0416666666666667,0.4466666666666667,0.4362333333333333,0.435,0.249375,819,5099,5918
466,2012-04-11,2,1,4,0,3,1,1.375,0.34625,0.3349,0.471875,0.29167708333333336,482,4394,4876
467,2012-04-12,2,1,4,0,4,1,1.0,0.39749999999999996,0.3876041666666667,0.46625,0.2904291666666667,663,4746,5409
468,2012-04-13,2,1,4,0,5,1,1.0833333333333333,0.44250000000000006,0.43180833333333335,0.4083333333333334,0.15547083333333334,1252,5146,6398
469,2012-04-14,2,1,4,0,6,0,1.4166666666666667,0.49500000000000005,0.48799583333333335,0.5029166666666667,0.19091666666666665,2795,4665,7460
470,2012-04-15,2,1,4,0,7,0,1.2083333333333333,0.6066666666666667,0.573875,0.5079166666666667,0.22512916666666669,2846,4286,7132
471,2012-04-16,2,1,4,1,1,0,1.0416666666666667,0.6641666666666667,0.6149249999999999,0.5616666666666666,0.28482916666666663,1198,5172,6370
472,2012-04-17,2,1,4,0,2,1,1.0,0.6083333333333333,0.5984875,0.39041666666666663,0.27362916666666665,989,5702,6691
473,2012-04-18,2,1,4,0,3,1,2.25,0.4633333333333333,0.4570375,0.5691666666666667,0.1679125,347,4020,4367
474,2012-04-19,2,1,4,0,4,1,1.4583333333333333,0.49833333333333335,0.49304583333333335,0.6124999999999999,0.06592916666666666,846,5719,6565
475,2012-04-20,2,1,4,0,5,1,1.0,0.5266666666666667,0.515775,0.6945833333333334,0.14987083333333334,1340,5950,7290
476,2012-04-21,2,1,4,0,6,0,1.375,0.57,0.5429208333333333,0.6829166666666667,0.2835875,2541,4083,6624
477,2012-04-22,2,1,4,0,7,0,2.6666666666666665,0.39666666666666667,0.3895041666666667,0.8354166666666667,0.34454583333333333,120,907,1027
478,2012-04-23,2,1,4,0,1,1,2.375,0.32166666666666666,0.301125,0.7666666666666666,0.30349583333333335,195,3019,3214
479,2012-04-24,2,1,4,0,2,1,1.125,0.41333333333333333,0.4052833333333334,0.45416666666666666,0.24938333333333332,518,5115,5633
480,2012-04-25,2,1,4,0,3,1,1.0416666666666667,0.4766666666666666,0.47031666666666666,0.42791666666666667,0.11879166666666667,655,5541,6196
481,2012-04-26,2,1,4,0,4,1,1.9166666666666667,0.49833333333333335,0.4835833333333333,0.7566666666666667,0.176625,475,4551,5026
482,2012-04-27,2,1,4,0,5,1,1.0,0.4575,0.4526375,0.4008333333333333,0.3476333333333333,1014,5219,6233
483,2012-04-28,2,1,4,0,6,0,1.6666666666666667,0.3766666666666667,0.3775041666666667,0.4895833333333333,0.129975,1120,3100,4220
484,2012-04-29,2,1,4,0,7,0,1.2916666666666667,0.4583333333333333,0.4501208333333333,0.5870833333333333,0.11690833333333334,2229,4075,6304
485,2012-04-30,2,1,4,0,1,1,1.5416666666666667,0.46416666666666667,0.45769583333333336,0.57,0.1716375,665,4907,5572
486,2012-05-01,2,1,5,0,2,1,1.6666666666666667,0.6133333333333334,0.5770208333333333,0.6595833333333333,0.15609583333333332,653,5087,5740
487,2012-05-02,2,1,5,0,3,1,1.4166666666666667,0.5641666666666667,0.5378958333333334,0.7970833333333333,0.1380583333333333,667,5502,6169
488,2012-05-03,2,1,5,0,4,1,1.5416666666666667,0.5599999999999999,0.5372416666666667,0.7683333333333334,0.13369583333333332,764,5657,6421
489,2012-05-04,2,1,5,0,5,1,1.2916666666666667,0.6275000000000001,0.5909166666666666,0.7354166666666666,0.1629375,1069,5227,6296
490,2012-05-05,2,1,5,0,6,0,1.5,0.6216666666666667,0.5846083333333333,0.7566666666666667,0.15299166666666666,2496,4387,6883
491,2012-05-06,2,1,5,0,7,0,1.9583333333333333,0.5625,0.5467375,0.7399999999999999,0.14987916666666667,2135,4224,6359
492,2012-05-07,2,1,5,0,1,1,1.75,0.5375,0.5271416666666667,0.6641666666666667,0.23072083333333335,1008,5265,6273
493,2012-05-08,2,1,5,0,2,1,2.1666666666666665,0.5816666666666667,0.5574708333333332,0.6858333333333334,0.2960291666666667,738,4990,5728
494,2012-05-09,2,1,5,0,3,1,2.375,0.5750000000000001,0.553025,0.7441666666666666,0.2164125,620,4097,4717
495,2012-05-10,2,1,5,0,4,1,1.1666666666666667,0.5058333333333334,0.4917833333333333,0.5520833333333334,0.31406249999999997,1026,5546,6572
496,2012-05-11,2,1,5,0,5,1,1.0,0.5333333333333333,0.5208333333333334,0.36041666666666666,0.2369375,1319,5711,7030
497,2012-05-12,2,1,5,0,6,0,1.2083333333333333,0.5641666666666667,0.5448166666666666,0.48041666666666666,0.12313333333333333,2622,4807,7429
498,2012-05-13,2,1,5,0,7,0,1.4166666666666667,0.6125,0.5852375,0.57625,0.22511666666666666,2172,3946,6118
499,2012-05-14,2,1,5,0,1,1,2.2916666666666665,0.5733333333333334,0.5498999999999999,0.7895833333333333,0.21269166666666664,342,2501,2843
500,2012-05-15,2,1,5,0,2,1,2.0833333333333335,0.6116666666666667,0.5764041666666667,0.7945833333333333,0.14739166666666667,625,4490,5115
501,2012-05-16,2,1,5,0,3,1,1.1666666666666667,0.6366666666666666,0.595975,0.6979166666666666,0.12251250000000001,991,6433,7424
502,2012-05-17,2,1,5,0,4,1,1.0,0.5933333333333334,0.5726125,0.52,0.229475,1242,6142,7384
503,2012-05-18,2,1,5,0,5,1,1.0,0.5641666666666667,0.5511208333333334,0.5233333333333333,0.13681666666666667,1521,6118,7639
504,2012-05-19,2,1,5,0,6,0,1.0,0.6,0.5669083333333333,0.45625,0.08397500000000001,3410,4884,8294
505,2012-05-20,2,1,5,0,7,0,1.125,0.6208333333333333,0.5839666666666666,0.5304166666666666,0.2543666666666667,2704,4425,7129
506,2012-05-21,2,1,5,0,1,1,2.2916666666666665,0.5983333333333333,0.5656666666666667,0.8112499999999999,0.23320416666666666,630,3729,4359
507,2012-05-22,2,1,5,0,2,1,1.7083333333333333,0.615,0.580825,0.7658333333333333,0.11816666666666666,819,5254,6073
508,2012-05-23,2,1,5,0,3,1,1.7916666666666667,0.6216666666666667,0.5846125,0.7745833333333333,0.102,766,4494,5260
509,2012-05-24,2,1,5,0,4,1,1.375,0.6549999999999999,0.6066999999999999,0.7166666666666667,0.17289583333333333,1059,5711,6770
510,2012-05-25,2,1,5,0,5,1,1.3333333333333333,0.68,0.6275291666666666,0.7470833333333333,0.14054999999999998,1417,5317,6734
511,2012-05-26,2,1,5,0,6,0,1.25,0.6925,0.6426958333333334,0.7325,0.19899166666666668,2855,3681,6536
512,2012-05-27,2,1,5,0,7,0,1.2916666666666667,0.69,0.641425,0.6970833333333334,0.21517083333333334,3283,3308,6591
513,2012-05-28,2,1,5,1,1,0,1.0416666666666667,0.7125,0.6793,0.67625,0.19652083333333334,2557,3486,6043
514,2012-05-29,2,1,5,0,2,1,1.2916666666666667,0.7225,0.6729916666666668,0.6845833333333333,0.2954,880,4863,5743
515,2012-05-30,2,1,5,0,3,1,1.75,0.6566666666666666,0.6111291666666666,0.6699999999999999,0.13432916666666667,745,6110,6855
516,2012-05-31,2,1,5,0,4,1,1.0,0.68,0.6313291666666666,0.49291666666666667,0.19527916666666667,1100,6238,7338
517,2012-06-01,2,1,6,0,5,1,2.2916666666666665,0.6541666666666667,0.6079625,0.7554166666666666,0.2375625,533,3594,4127
518,2012-06-02,2,1,6,0,6,0,1.1666666666666667,0.5833333333333334,0.5662874999999999,0.5491666666666667,0.1865625,2795,5325,8120
519,2012-06-03,2,1,6,0,7,0,1.0,0.6025,0.5751333333333334,0.49333333333333335,0.1840875,2494,5147,7641
520,2012-06-04,2,1,6,0,1,1,1.125,0.5975,0.5782833333333334,0.4870833333333333,0.2848333333333333,1071,5927,6998
521,2012-06-05,2,1,6,0,2,1,1.7083333333333333,0.5408333333333334,0.5258916666666666,0.6133333333333334,0.20957499999999998,968,6033,7001
522,2012-06-06,2,1,6,0,3,1,1.0833333333333333,0.5541666666666667,0.5422916666666667,0.61125,0.077125,1027,6028,7055
523,2012-06-07,2,1,6,0,4,1,1.0,0.6024999999999999,0.5694416666666666,0.5670833333333333,0.15735000000000002,1038,6456,7494
524,2012-06-08,2,1,6,0,5,1,1.0,0.6491666666666667,0.5978625,0.4679166666666667,0.17538333333333334,1488,6248,7736
525,2012-06-09,2,1,6,0,6,0,1.0,0.7108333333333333,0.6483666666666666,0.4370833333333333,0.14428749999999999,2708,4790,7498
526,2012-06-10,2,1,6,0,7,0,1.0,0.7266666666666667,0.6635166666666666,0.5383333333333333,0.13372083333333332,2224,4374,6598
527,2012-06-11,2,1,6,0,1,1,1.5,0.7208333333333333,0.6597208333333333,0.5879166666666666,0.2077125,1017,5647,6664
528,2012-06-12,2,1,6,0,2,1,2.2083333333333335,0.6533333333333333,0.597875,0.8333333333333334,0.21454583333333332,477,4495,4972
529,2012-06-13,2,1,6,0,3,1,1.3333333333333333,0.6558333333333334,0.6111166666666666,0.5820833333333333,0.34327916666666664,1173,6248,7421
530,2012-06-14,2,1,6,0,4,1,1.2916666666666667,0.6483333333333333,0.6243833333333333,0.5695833333333333,0.2537333333333333,1180,6183,7363
531,2012-06-15,2,1,6,0,5,1,1.0,0.6391666666666667,0.5997541666666667,0.5895833333333333,0.17661666666666667,1563,6102,7665
532,2012-06-16,2,1,6,0,6,0,1.25,0.6316666666666667,0.5947083333333333,0.5041666666666667,0.16666666666666666,2963,4739,7702
533,2012-06-17,2,1,6,0,7,0,1.0,0.5925,0.571975,0.59875,0.14490416666666667,2634,4344,6978
534,2012-06-18,2,1,6,0,1,1,2.125,0.5683333333333334,0.5448416666666667,0.7779166666666666,0.17474583333333335,653,4446,5099
535,2012-06-19,2,1,6,0,2,1,1.375,0.6883333333333334,0.6546916666666667,0.69,0.14801666666666666,968,5857,6825
536,2012-06-20,2,1,6,0,3,1,1.1666666666666667,0.7825000000000001,0.720975,0.5920833333333334,0.1138125,872,5339,6211
537,2012-06-21,3,1,6,0,4,1,1.0833333333333333,0.8058333333333333,0.7525416666666667,0.5679166666666666,0.1187875,778,5127,5905
538,2012-06-22,3,1,6,0,5,1,1.4583333333333333,0.7775,0.7241208333333332,0.57375,0.18284166666666668,964,4859,5823
539,2012-06-23,3,1,6,0,6,0,1.1666666666666667,0.7316666666666666,0.6527916666666667,0.5345833333333333,0.17972083333333333,2657,4801,7458
540,2012-06-24,3,1,6,0,7,0,1.1666666666666667,0.7433333333333333,0.6742541666666666,0.4791666666666667,0.145525,2551,4340,6891
541,2012-06-25,3,1,6,0,1,1,1.0416666666666667,0.7158333333333333,0.6540416666666666,0.5041666666666667,0.30038333333333334,1139,5640,6779
542,2012-06-26,3,1,6,0,2,1,1.0,0.6308333333333334,0.5947041666666667,0.37333333333333335,0.3476416666666667,1077,6365,7442
543,2012-06-27,3,1,6,0,3,1,1.0,0.6974999999999999,0.6407916666666666,0.36000000000000004,0.27177500000000004,1077,6258,7335
544,2012-06-28,3,1,6,0,4,1,1.0,0.7491666666666666,0.6755125,0.42250000000000004,0.17165,921,5958,6879
545,2012-06-29,3,1,6,0,5,1,1.375,0.8341666666666666,0.7866124999999999,0.48875,0.16541666666666668,829,4634,5463
546,2012-06-30,3,1,6,0,6,0,1.2916666666666667,0.765,0.6875083333333333,0.60125,0.16107083333333333,1455,4232,5687
547,2012-07-01,3,1,7,0,7,0,1.0833333333333333,0.8158333333333333,0.7506291666666667,0.5187499999999999,0.16852916666666665,1421,4110,5531
548,2012-07-02,3,1,7,0,1,1,1.25,0.7816666666666666,0.7020375,0.44708333333333333,0.19526666666666667,904,5323,6227
549,2012-07-03,3,1,7,0,2,1,1.3333333333333333,0.7808333333333333,0.7026499999999999,0.4920833333333334,0.1262375,1052,5608,6660
550,2012-07-04,3,1,7,1,3,0,1.0416666666666667,0.7891666666666667,0.7323375,0.53875,0.13495,2562,4841,7403
551,2012-07-05,3,1,7,0,4,1,1.125,0.8275,0.7613666666666666,0.4579166666666667,0.19402916666666667,1405,4836,6241
552,2012-07-06,3,1,7,0,5,1,1.0416666666666667,0.8283333333333333,0.7525333333333334,0.45083333333333336,0.14614166666666667,1366,4841,6207
553,2012-07-07,3,1,7,0,6,0,1.0833333333333333,0.8616666666666667,0.8049125,0.4920833333333334,0.16355416666666667,1448,3392,4840
554,2012-07-08,3,1,7,0,7,0,1.2916666666666667,0.8225000000000001,0.7903958333333333,0.57375,0.12562916666666665,1203,3469,4672
555,2012-07-09,3,1,7,0,1,1,2.0833333333333335,0.7108333333333333,0.6540541666666666,0.6833333333333332,0.180975,998,5571,6569
556,2012-07-10,3,1,7,0,2,1,1.5,0.7208333333333333,0.6647958333333334,0.6675,0.1517375,954,5336,6290
557,2012-07-11,3,1,7,0,3,1,1.375,0.7166666666666667,0.6502708333333332,0.6333333333333333,0.15173333333333333,975,6289,7264
558,2012-07-12,3,1,7,0,4,1,1.1666666666666667,0.7158333333333333,0.6546833333333333,0.5295833333333333,0.14677500000000002,1032,6414,7446
559,2012-07-13,3,1,7,0,5,1,1.7916666666666667,0.7316666666666666,0.6679333333333334,0.48583333333333334,0.08084999999999999,1511,5988,7499
560,2012-07-14,3,1,7,0,6,0,1.6666666666666667,0.7033333333333333,0.6660416666666666,0.6991666666666667,0.14367916666666666,2355,4614,6969
561,2012-07-15,3,1,7,0,7,0,1.3333333333333333,0.7458333333333332,0.7051958333333334,0.7179166666666666,0.16666666666666666,1920,4111,6031
562,2012-07-16,3,1,7,0,1,1,1.2916666666666667,0.7633333333333333,0.724125,0.645,0.1641875,1088,5742,6830
563,2012-07-17,3,1,7,0,2,1,1.25,0.8183333333333334,0.7556833333333334,0.5058333333333334,0.11442916666666668,921,5865,6786
564,2012-07-18,3,1,7,0,3,1,1.1666666666666667,0.7933333333333333,0.7455833333333333,0.5770833333333333,0.13744166666666666,799,4914,5713
565,2012-07-19,3,1,7,0,4,1,1.3333333333333333,0.77,0.7146416666666666,0.6004166666666667,0.16542916666666665,888,5703,6591
566,2012-07-20,3,1,7,0,5,1,2.25,0.6658333333333334,0.613025,0.8441666666666666,0.20896666666666666,747,5123,5870
567,2012-07-21,3,1,7,0,6,0,2.5416666666666665,0.5958333333333333,0.5499124999999999,0.8654166666666666,0.21330000000000002,1264,3195,4459
568,2012-07-22,3,1,7,0,7,0,1.5,0.6675,0.623125,0.7625000000000001,0.09392083333333334,2544,4866,7410
569,2012-07-23,3,1,7,0,1,1,1.4583333333333333,0.7416666666666667,0.6900166666666666,0.6941666666666667,0.13868333333333335,1135,5831,6966
570,2012-07-24,3,1,7,0,2,1,1.1666666666666667,0.7508333333333334,0.7064499999999999,0.655,0.2114541666666667,1140,6452,7592
571,2012-07-25,3,1,7,0,3,1,1.0,0.7241666666666666,0.6540541666666666,0.45,0.1648,1383,6790,8173
572,2012-07-26,3,1,7,0,4,1,1.0833333333333333,0.7766666666666667,0.7392625,0.5966666666666667,0.28481249999999997,1036,5825,6861
573,2012-07-27,3,1,7,0,5,1,1.0,0.7816666666666666,0.7342166666666667,0.5945833333333334,0.15299166666666666,1259,5645,6904
574,2012-07-28,3,1,7,0,6,0,1.0,0.7558333333333334,0.6976041666666667,0.6133333333333333,0.15735000000000002,2234,4451,6685
575,2012-07-29,3,1,7,0,7,0,1.0,0.7216666666666667,0.6679333333333334,0.62375,0.17039583333333333,2153,4444,6597
576,2012-07-30,3,1,7,0,1,1,1.25,0.7308333333333333,0.6849875,0.6687500000000001,0.15361666666666665,1040,6065,7105
577,2012-07-31,3,1,7,0,2,1,1.2083333333333333,0.7133333333333334,0.6628958333333334,0.7041666666666666,0.16542500000000002,968,6248,7216
578,2012-08-01,3,1,8,0,3,1,1.2916666666666667,0.7174999999999999,0.6673083333333333,0.6775000000000001,0.14117916666666666,1074,6506,7580
579,2012-08-02,3,1,8,0,4,1,1.0,0.7525,0.7070875,0.6595833333333333,0.12935416666666666,983,6278,7261
580,2012-08-03,3,1,8,0,5,1,1.5,0.7658333333333333,0.7228666666666667,0.6425,0.2157916666666667,1328,5847,7175
581,2012-08-04,3,1,8,0,6,0,1.0,0.7933333333333333,0.7512666666666666,0.6133333333333334,0.25745833333333334,2345,4479,6824
582,2012-08-05,3,1,8,0,7,0,1.125,0.7691666666666667,0.7310791666666666,0.6525,0.2904208333333333,1707,3757,5464
583,2012-08-06,3,1,8,0,1,1,1.5,0.7525,0.7102458333333334,0.6541666666666667,0.12935416666666666,1233,5780,7013
584,2012-08-07,3,1,8,0,2,1,1.6666666666666667,0.7358333333333333,0.6976208333333332,0.70375,0.11690833333333334,1278,5995,7273
585,2012-08-08,3,1,8,0,3,1,1.5833333333333333,0.75,0.7077166666666667,0.6729166666666666,0.1107,1263,6271,7534
586,2012-08-09,3,1,8,0,4,1,1.25,0.7558333333333334,0.6995083333333333,0.6204166666666667,0.1561,1196,6090,7286
587,2012-08-10,3,1,8,0,5,1,1.6666666666666667,0.7158333333333333,0.6679416666666667,0.7158333333333333,0.2388125,1065,4721,5786
588,2012-08-11,3,1,8,0,6,0,1.625,0.6925,0.6382666666666666,0.7329166666666667,0.20647916666666666,2247,4052,6299
589,2012-08-12,3,1,8,0,7,0,1.0416666666666667,0.7008333333333333,0.6445791666666666,0.5304166666666666,0.12251250000000001,2182,4362,6544
590,2012-08-13,3,1,8,0,1,1,1.125,0.7208333333333333,0.6622541666666667,0.5454166666666667,0.1362125,1207,5676,6883
591,2012-08-14,3,1,8,0,2,1,1.4583333333333333,0.7266666666666667,0.6767791666666666,0.6866666666666666,0.16915833333333333,1128,5656,6784
592,2012-08-15,3,1,8,0,3,1,1.2916666666666667,0.7066666666666667,0.6540374999999999,0.6195833333333333,0.16977083333333334,1198,6149,7347
593,2012-08-16,3,1,8,0,4,1,1.0,0.7191666666666667,0.6546875,0.5191666666666667,0.14179583333333332,1338,6267,7605
594,2012-08-17,3,1,8,0,5,1,1.375,0.7233333333333333,0.24240000000000003,0.5708333333333333,0.23135416666666667,1483,5665,7148
595,2012-08-18,3,1,8,0,6,0,1.2083333333333333,0.6783333333333333,0.6180708333333332,0.6033333333333334,0.17786666666666665,2827,5038,7865
596,2012-08-19,3,1,8,0,7,0,2.125,0.6358333333333334,0.6035541666666666,0.7116666666666666,0.08645000000000001,1208,3341,4549
597,2012-08-20,3,1,8,0,1,1,1.5833333333333333,0.6358333333333334,0.5959666666666666,0.7341666666666667,0.12997916666666667,1026,5504,6530
598,2012-08-21,3,1,8,0,2,1,1.2083333333333333,0.6491666666666667,0.601025,0.67375,0.07277083333333334,1081,5925,7006
599,2012-08-22,3,1,8,0,3,1,1.2916666666666667,0.6675,0.6218541666666667,0.6770833333333334,0.07028333333333332,1094,6281,7375
600,2012-08-23,3,1,8,0,4,1,1.25,0.6958333333333333,0.6370083333333333,0.6358333333333334,0.08459583333333333,1363,6402,7765
601,2012-08-24,3,1,8,0,5,1,1.8333333333333333,0.7025,0.6470999999999999,0.615,0.07214583333333334,1325,6257,7582
602,2012-08-25,3,1,8,0,6,0,2.0,0.6616666666666667,0.6186958333333333,0.7129166666666666,0.24440833333333334,1829,4224,6053
603,2012-08-26,3,1,8,0,7,0,1.5416666666666667,0.6533333333333333,0.5959958333333333,0.8458333333333333,0.22885833333333336,1483,3772,5255
604,2012-08-27,3,1,8,0,1,1,1.0,0.7033333333333333,0.6546875,0.7304166666666667,0.12873333333333334,989,5928,6917
605,2012-08-28,3,1,8,0,2,1,1.2083333333333333,0.7283333333333334,0.6660499999999999,0.62,0.190925,935,6105,7040
606,2012-08-29,3,1,8,0,3,1,1.0,0.685,0.6357333333333334,0.5520833333333334,0.11256250000000001,1177,6520,7697
607,2012-08-30,3,1,8,0,4,1,1.0,0.7066666666666667,0.6527791666666666,0.5904166666666667,0.07711666666666667,1172,6541,7713
608,2012-08-31,3,1,8,0,5,1,1.125,0.7641666666666667,0.6894,0.5875,0.16853333333333334,1433,5917,7350
609,2012-09-01,3,1,9,0,6,0,1.7916666666666667,0.7533333333333333,0.7026541666666667,0.6383333333333333,0.1131875,2352,3788,6140
610,2012-09-02,3,1,9,0,7,0,1.7916666666666667,0.6966666666666667,0.6489999999999999,0.815,0.06407083333333334,2613,3197,5810
611,2012-09-03,3,1,9,1,1,0,1.4166666666666667,0.7075,0.6616291666666666,0.7908333333333334,0.15112083333333334,1965,4069,6034
612,2012-09-04,3,1,9,0,2,1,1.375,0.7258333333333334,0.6868875,0.755,0.2363208333333333,867,5997,6864
613,2012-09-05,3,1,9,0,3,1,1.1666666666666667,0.7366666666666667,0.7089833333333333,0.74125,0.18780833333333333,832,6280,7112
614,2012-09-06,3,1,9,0,4,1,1.6666666666666667,0.6966666666666667,0.6553291666666666,0.8104166666666667,0.14242083333333333,611,5592,6203
615,2012-09-07,3,1,9,0,5,1,1.0,0.7033333333333333,0.6572041666666667,0.7362500000000001,0.17164583333333336,1045,6459,7504
616,2012-09-08,3,1,9,0,6,0,1.7916666666666667,0.6591666666666667,0.6111208333333333,0.7991666666666667,0.28110416666666665,1557,4419,5976
617,2012-09-09,3,1,9,0,7,0,1.0416666666666667,0.61,0.578925,0.5475,0.22449583333333334,2570,5657,8227
618,2012-09-10,3,1,9,0,1,1,1.0,0.5833333333333334,0.5656541666666667,0.50375,0.2587125,1118,6407,7525
619,2012-09-11,3,1,9,0,2,1,1.0,0.5775,0.5542916666666666,0.52,0.09205416666666666,1070,6697,7767
620,2012-09-12,3,1,9,0,3,1,1.0,0.5991666666666667,0.570075,0.5770833333333333,0.13184583333333333,1050,6820,7870
621,2012-09-13,3,1,9,0,4,1,1.0,0.6124999999999999,0.5795583333333333,0.6370833333333333,0.08272083333333334,1054,6750,7804
622,2012-09-14,3,1,9,0,5,1,1.4166666666666667,0.6333333333333334,0.5940833333333333,0.6725,0.10386250000000001,1379,6630,8009
623,2012-09-15,3,1,9,0,6,0,1.2083333333333333,0.6083333333333333,0.5858666666666666,0.5016666666666666,0.24752083333333333,3160,5554,8714
624,2012-09-16,3,1,9,0,7,0,1.0,0.58,0.563125,0.57,0.09018333333333334,2166,5167,7333
625,2012-09-17,3,1,9,0,1,1,1.6666666666666667,0.5808333333333333,0.5530499999999999,0.7345833333333333,0.15174166666666666,1022,5847,6869
626,2012-09-18,3,1,9,0,2,1,2.4166666666666665,0.6233333333333334,0.5650666666666667,0.8725,0.3575875,371,3702,4073
627,2012-09-19,3,1,9,0,3,1,1.25,0.5525,0.5404041666666667,0.5366666666666667,0.215175,788,6803,7591
628,2012-09-20,3,1,9,0,4,1,1.0,0.5466666666666667,0.5321916666666667,0.6183333333333333,0.11816666666666666,939,6781,7720
629,2012-09-21,3,1,9,0,5,1,1.0,0.5991666666666667,0.5719708333333333,0.6687500000000001,0.15422916666666667,1250,6917,8167
630,2012-09-22,3,1,9,0,6,0,1.0,0.65,0.6104875,0.6466666666666666,0.28358333333333335,2512,5883,8395
631,2012-09-23,4,1,9,0,7,0,1.0833333333333333,0.5291666666666667,0.5189333333333334,0.46708333333333335,0.22325833333333334,2454,5453,7907
632,2012-09-24,4,1,9,0,1,1,1.0416666666666667,0.5141666666666667,0.5025125,0.49291666666666667,0.14240416666666667,1001,6435,7436
633,2012-09-25,4,1,9,0,2,1,1.0,0.5499999999999999,0.5441791666666667,0.57,0.23632083333333334,845,6693,7538
634,2012-09-26,4,1,9,0,3,1,1.2083333333333333,0.635,0.5966125,0.6308333333333334,0.24439999999999998,787,6946,7733
635,2012-09-27,4,1,9,0,4,1,1.6666666666666667,0.65,0.607975,0.6908333333333333,0.13434166666666666,751,6642,7393
636,2012-09-28,4,1,9,0,5,1,2.2083333333333335,0.6191666666666666,0.5858625,0.69,0.16417916666666665,1045,6370,7415
637,2012-09-29,4,1,9,0,6,0,1.0833333333333333,0.5425,0.5302958333333333,0.5429166666666667,0.2276041666666667,2589,5966,8555
638,2012-09-30,4,1,9,0,7,0,1.1666666666666667,0.5266666666666667,0.5176625,0.5833333333333334,0.13495833333333332,2015,4874,6889
639,2012-10-01,4,1,10,0,1,1,1.7916666666666667,0.5208333333333334,0.512,0.6491666666666667,0.09080416666666667,763,6015,6778
640,2012-10-02,4,1,10,0,2,1,2.5833333333333335,0.5908333333333333,0.5423333333333333,0.8716666666666666,0.104475,315,4324,4639
641,2012-10-03,4,1,10,0,3,1,1.75,0.6575,0.5991333333333333,0.7937500000000001,0.06654583333333333,728,6844,7572
642,2012-10-04,4,1,10,0,4,1,1.625,0.6575,0.607975,0.7229166666666668,0.11754583333333334,891,6437,7328
643,2012-10-05,4,1,10,0,5,1,1.0,0.615,0.5801875,0.6275000000000001,0.10635,1516,6640,8156
644,2012-10-06,4,1,10,0,6,0,1.0833333333333333,0.5541666666666667,0.5385208333333333,0.6641666666666667,0.268025,3031,4934,7965
645,2012-10-07,4,1,10,0,7,0,2.0,0.41583333333333333,0.4198125,0.7083333333333334,0.1411625,781,2729,3510
646,2012-10-08,4,1,10,1,1,0,1.875,0.3833333333333333,0.38760833333333333,0.7095833333333333,0.18967916666666665,874,4604,5478
647,2012-10-09,4,1,10,0,2,1,2.125,0.4466666666666667,0.43811249999999996,0.7616666666666667,0.1903,601,5791,6392
648,2012-10-10,4,1,10,0,3,1,1.375,0.5141666666666667,0.5031416666666667,0.6308333333333334,0.18782083333333333,780,6911,7691
649,2012-10-11,4,1,10,0,4,1,1.0,0.435,0.4311666666666667,0.4633333333333333,0.18159583333333332,834,6736,7570
650,2012-10-12,4,1,10,0,5,1,1.0,0.4375,0.43307083333333335,0.5391666666666667,0.23509166666666667,1060,6222,7282
651,2012-10-13,4,1,10,0,6,0,1.0,0.3933333333333333,0.39139583333333333,0.4945833333333333,0.14614166666666667,2252,4857,7109
652,2012-10-14,4,1,10,0,7,0,1.0833333333333333,0.5216666666666666,0.5082041666666667,0.6404166666666666,0.2786125,2080,4559,6639
653,2012-10-15,4,1,10,0,1,1,1.9166666666666667,0.5616666666666666,0.53915,0.7075,0.2960375,760,5115,5875
654,2012-10-16,4,1,10,0,2,1,1.0416666666666667,0.4683333333333333,0.46084583333333334,0.5583333333333333,0.18222083333333336,922,6612,7534
655,2012-10-17,4,1,10,0,3,1,1.375,0.4558333333333333,0.45010833333333333,0.6929166666666666,0.10137083333333334,979,6482,7461
656,2012-10-18,4,1,10,0,4,1,1.5416666666666667,0.5225000000000001,0.512625,0.7283333333333334,0.2369375,1008,6501,7509
657,2012-10-19,4,1,10,0,5,1,1.75,0.5633333333333334,0.5378958333333334,0.815,0.13495416666666668,753,4671,5424
658,2012-10-20,4,1,10,0,6,0,1.0,0.4841666666666667,0.47284166666666666,0.5729166666666666,0.1175375,2806,5284,8090
659,2012-10-21,4,1,10,0,7,0,1.0,0.46416666666666667,0.45642916666666666,0.51,0.16605416666666667,2132,4692,6824
660,2012-10-22,4,1,10,0,1,1,1.0,0.4875,0.48294166666666666,0.5683333333333334,0.08148333333333334,830,6228,7058
661,2012-10-23,4,1,10,0,2,1,1.2083333333333333,0.5441666666666667,0.5303041666666667,0.6416666666666667,0.09454583333333333,841,6625,7466
662,2012-10-24,4,1,10,0,3,1,1.3333333333333333,0.5875,0.5587208333333333,0.63625,0.07277916666666666,795,6898,7693
663,2012-10-25,4,1,10,0,4,1,1.6666666666666667,0.55,0.5296875,0.8004166666666667,0.124375,875,6484,7359
664,2012-10-26,4,1,10,0,5,1,1.9583333333333333,0.5458333333333333,0.5227499999999999,0.8070833333333334,0.13246666666666668,1182,6262,7444
665,2012-10-27,4,1,10,0,6,0,1.5833333333333333,0.53,0.5151333333333333,0.7200000000000001,0.23569166666666666,2643,5209,7852
666,2012-10-28,4,1,10,0,7,0,2.375,0.4775,0.4677708333333333,0.6945833333333332,0.39800833333333335,998,3461,4459
667,2012-10-29,4,1,10,0,1,1,3.0,0.3964864864864865,0.38758783783783785,0.8582432432432432,0.3582,103,1102,1218
668,2012-10-30,4,1,10,0,1,1,2.7083333333333335,0.3226801801801802,0.30683716216216217,0.8242567567567568,0.29165416666666666,202,2159,2366
669,2012-10-31,4,1,10,0,3,1,1.625,0.3575,0.3611,0.6666666666666666,0.16666666666666666,419,5147,5566
670,2012-11-01,4,1,11,0,4,1,1.875,0.3658333333333333,0.36994166666666667,0.5816666666666667,0.15734583333333332,466,5520,5986
671,2012-11-02,4,1,11,0,5,1,1.3333333333333333,0.355,0.35604166666666665,0.5220833333333333,0.266175,618,5229,5847
672,2012-11-03,4,1,11,0,6,0,1.7083333333333333,0.3433333333333333,0.32384583333333333,0.49124999999999996,0.27052916666666665,1029,4109,5138
673,2012-11-04,4,1,11,0,7,0,1.0416666666666667,0.32583333333333336,0.3295375,0.5329166666666667,0.17910833333333334,1201,3906,5107
674,2012-11-05,4,1,11,0,1,1,1.4166666666666667,0.31916666666666665,0.308075,0.4941666666666667,0.236325,378,4881,5259
675,2012-11-06,4,1,11,0,2,1,1.125,0.2808333333333333,0.2815666666666667,0.5670833333333333,0.1735125,466,5220,5686
676,2012-11-07,4,1,11,0,3,1,2.0833333333333335,0.29583333333333334,0.2746208333333333,0.5475,0.30410833333333337,326,4709,5035
677,2012-11-08,4,1,11,0,4,1,1.3333333333333333,0.35000000000000003,0.3396416666666667,0.33916666666666667,0.3439145833333333,341,4982,5323
678,2012-11-09,4,1,11,0,5,1,1.0,0.36166666666666664,0.35541249999999996,0.5408333333333334,0.21455833333333332,709,5283,5992
679,2012-11-10,4,1,11,0,6,0,1.0,0.38916666666666666,0.3939375,0.6454166666666666,0.05784583333333334,2090,4446,6536
680,2012-11-11,4,1,11,0,7,0,1.0,0.42083333333333334,0.4217125,0.6591666666666667,0.1275,2290,4562,6852
681,2012-11-12,4,1,11,1,1,0,1.1666666666666667,0.48500000000000004,0.4753833333333333,0.7416666666666667,0.17351666666666665,1097,5172,6269
682,2012-11-13,4,1,11,0,2,1,1.7916666666666667,0.3433333333333333,0.323225,0.6629166666666667,0.3420458333333333,327,3767,4094
683,2012-11-14,4,1,11,0,3,1,1.0,0.2891666666666667,0.2815625,0.5520833333333334,0.19962500000000002,373,5122,5495
684,2012-11-15,4,1,11,0,4,1,1.9583333333333333,0.32166666666666666,0.3244916666666667,0.6204166666666667,0.1529875,320,5125,5445
685,2012-11-16,4,1,11,0,5,1,1.375,0.345,0.3472041666666667,0.5245833333333333,0.17102499999999998,484,5214,5698
686,2012-11-17,4,1,11,0,6,0,1.1666666666666667,0.325,0.3263833333333333,0.5454166666666667,0.1797291666666667,1313,4316,5629
687,2012-11-18,4,1,11,0,7,0,1.25,0.3425,0.33774583333333336,0.6929166666666666,0.2276125,922,3747,4669
688,2012-11-19,4,1,11,0,1,1,1.7083333333333333,0.38083333333333336,0.3756208333333333,0.6233333333333334,0.23506666666666665,449,5050,5499
689,2012-11-20,4,1,11,0,2,1,1.7083333333333333,0.3741666666666667,0.38066666666666665,0.685,0.082725,534,5100,5634
690,2012-11-21,4,1,11,0,3,1,1.0416666666666667,0.35333333333333333,0.36489166666666667,0.61375,0.10324583333333333,615,4531,5146
691,2012-11-22,4,1,11,1,4,0,1.0,0.34,0.3503708333333333,0.5804166666666667,0.05287083333333333,955,1470,2425
692,2012-11-23,4,1,11,0,5,1,1.1666666666666667,0.36833333333333335,0.37877916666666667,0.56875,0.14802083333333335,1603,2307,3910
693,2012-11-24,4,1,11,0,6,0,1.25,0.2783333333333333,0.24874166666666667,0.4045833333333333,0.3768708333333333,532,1745,2277
694,2012-11-25,4,1,11,0,7,0,1.375,0.24583333333333335,0.25758333333333333,0.4683333333333333,0.1505,309,2115,2424
695,2012-11-26,4,1,11,0,1,1,1.0416666666666667,0.31333333333333335,0.3390041666666667,0.5354166666666667,0.04665,337,4750,5087
696,2012-11-27,4,1,11,0,2,1,2.1666666666666665,0.2916666666666667,0.2815583333333333,0.7866666666666666,0.2375625,123,3836,3959
697,2012-11-28,4,1,11,0,3,1,1.3333333333333333,0.2966666666666667,0.2897625,0.50625,0.21082083333333335,198,5062,5260
698,2012-11-29,4,1,11,0,4,1,1.0,0.27791666666666665,0.29640416666666664,0.5614583333333333,0.112575,243,5086,5330
699,2012-11-30,4,1,11,0,5,1,1.375,0.29833333333333334,0.3238666666666667,0.6495833333333333,0.05847083333333333,362,5306,5668
700,2012-12-01,4,1,12,0,6,0,1.75,0.29833333333333334,0.31690416666666665,0.8066666666666666,0.05970416666666667,951,4240,5191
701,2012-12-02,4,1,12,0,7,0,1.9166666666666667,0.3475,0.35920833333333335,0.8233333333333334,0.12437916666666667,892,3757,4649
702,2012-12-03,4,1,12,0,1,1,1.125,0.45249999999999996,0.45579583333333334,0.7675000000000001,0.08272083333333334,555,5679,6234
703,2012-12-04,4,1,12,0,2,1,1.4583333333333333,0.47583333333333333,0.4690541666666667,0.73375,0.17412916666666667,551,6055,6606
704,2012-12-05,4,1,12,0,3,1,1.2916666666666667,0.4383333333333333,0.42801249999999996,0.48500000000000004,0.32402083333333337,331,5398,5729
705,2012-12-06,4,1,12,0,4,1,1.0833333333333333,0.2558333333333333,0.2582041666666667,0.50875,0.17475416666666665,340,5035,5375
706,2012-12-07,4,1,12,0,5,1,1.9583333333333333,0.32083333333333336,0.3219583333333333,0.7641666666666667,0.1306,349,4659,5008
707,2012-12-08,4,1,12,0,6,0,1.7916666666666667,0.38166666666666665,0.38950833333333335,0.91125,0.10137916666666667,1153,4429,5582
708,2012-12-09,4,1,12,0,7,0,2.4583333333333335,0.3841666666666667,0.39014583333333336,0.9054166666666666,0.157975,441,2787,3228
709,2012-12-10,4,1,12,0,1,1,2.0416666666666665,0.43583333333333335,0.435575,0.9249999999999999,0.19030833333333333,329,4841,5170
710,2012-12-11,4,1,12,0,2,1,1.6666666666666667,0.35333333333333333,0.33836249999999995,0.5966666666666667,0.2960375,282,5219,5501
711,2012-12-12,4,1,12,0,3,1,1.7083333333333333,0.29750000000000004,0.2973375,0.5383333333333333,0.16293749999999999,310,5009,5319
712,2012-12-13,4,1,12,0,4,1,1.25,0.29583333333333334,0.2941875,0.48583333333333334,0.17412916666666667,425,5107,5532
713,2012-12-14,4,1,12,0,5,1,1.0,0.2816666666666667,0.2941916666666667,0.6429166666666667,0.13122916666666667,429,5182,5611
714,2012-12-15,4,1,12,0,6,0,1.375,0.32416666666666666,0.3383833333333333,0.6504166666666666,0.10635,767,4280,5047
715,2012-12-16,4,1,12,0,7,0,2.0416666666666665,0.3625,0.3699375,0.83875,0.10074166666666667,538,3248,3786
716,2012-12-17,4,1,12,0,1,1,2.125,0.3933333333333333,0.40149999999999997,0.9070833333333334,0.09825833333333334,212,4373,4585
717,2012-12-18,4,1,12,0,2,1,1.2083333333333333,0.41083333333333333,0.40970833333333334,0.66625,0.22140416666666665,433,5124,5557
718,2012-12-19,4,1,12,0,3,1,1.0,0.3325,0.3421625,0.6254166666666666,0.18409166666666665,333,4934,5267
719,2012-12-20,4,1,12,0,4,1,2.0833333333333335,0.33,0.33521666666666666,0.6679166666666667,0.1324625,314,3814,4128
720,2012-12-21,1,1,12,0,5,1,1.9166666666666667,0.32666666666666666,0.3017666666666667,0.5566666666666666,0.37438333333333335,221,3402,3623
721,2012-12-22,1,1,12,0,6,0,1.0,0.2658333333333333,0.23611250000000003,0.44125,0.4073458333333333,205,1544,1749
722,2012-12-23,1,1,12,0,7,0,1.0,0.24583333333333335,0.2594708333333333,0.5154166666666666,0.13308333333333333,408,1379,1787
723,2012-12-24,1,1,12,0,1,1,2.0,0.22958333333333333,0.25758333333333333,0.790625,0.07681041666666667,174,751,926
724,2012-12-25,1,1,12,1,2,0,1.7916666666666667,0.28958333333333336,0.29292916666666663,0.7404166666666666,0.16698333333333334,440,577,1017
725,2012-12-26,1,1,12,0,3,1,2.625,0.24333333333333332,0.22033333333333335,0.8233333333333334,0.31654583333333336,9,432,441
726,2012-12-27,1,1,12,0,4,1,1.6666666666666667,0.25416666666666665,0.22664166666666666,0.6529166666666667,0.35013333333333335,247,1867,2114
727,2012-12-28,1,1,12,0,5,1,1.7083333333333333,0.25333333333333335,0.25504583333333336,0.59,0.15547083333333334,644,2451,3095
728,2012-12-29,1,1,12,0,6,0,2.0416666666666665,0.25333333333333335,0.24240000000000003,0.7529166666666667,0.12438333333333333,159,1182,1341
729,2012-12-30,1,1,12,0,7,0,1.3333333333333333,0.25583333333333336,0.23170000000000002,0.48333333333333334,0.35075416666666664,364,1432,1796
730,2012-12-31,1,1,12,0,1,1,1.5,0.21583333333333332,0.22348749999999998,0.5775,0.15484583333333332,439,2290,2729
